PLOT,MEASYEAR,N_LIVE,N_DEAD,N_REMOVED,TPA,BA_FT2_AC,QMD_IN,SDI,REL_DENSITY,DBH_MEAN_IN,DBH_MIN_IN,DBH_MAX_IN,HT_MEAN_FT,LOREYS_HT_FT,DSTRBCD1,NOTES,TPA_INGROWTH,TPA_ALL,METRICS_RELIABLE,CURTIS_RD
1100,1986,4,15,30,20,3.11,5.34,7.3,0.0174,5.33,5,6,30,30,0,sparse/clearcut,0,20,N,1.35
1100,1990,43,2,0,215,56.11,6.92,119,0.2833,6.52,4.5,18,21.9,24.2,,,90,305,Y,21.33
1100,1995,45,5,0,225,56.67,6.8,121,0.2882,6.4,4.5,18.5,23.4,26.8,,,100,325,Y,21.74
1100,2000,43,5,0,215,58.92,7.09,123.8,0.2946,6.69,4.5,18.7,25.8,28.9,,,0,215,Y,22.13
1101,1986,3,13,72,15,2.93,5.98,6.6,0.0157,5.93,5.2,7,42,42,8,post-disturbance (DSTRBCD1=8),0,15,N,1.2
1101,1990,49,5,0,245,91.26,8.26,180.4,0.4296,7.97,4.5,12.8,45.9,46.9,,,70,315,Y,31.75
1101,1995,41,8,0,205,85.86,8.76,165.8,0.3949,8.45,4.6,13.3,50.1,50.5,,,95,300,Y,29
1101,2000,36,7,0,180,84.95,9.3,160.3,0.3816,8.95,4.5,13.9,51.2,52.8,,,0,180,Y,27.85
1102,1981,4,12,20,20,3.83,5.92,8.6,0.0205,5.85,5,7.3,20,20,8,post-disturbance (DSTRBCD1=8),0,20,N,1.57
1102,1990,29,2,0,145,63.52,8.96,121.6,0.2896,8.28,4.7,22.3,30,32.8,,,10,155,Y,21.22
1102,1995,30,2,0,150,67.84,9.11,129.1,0.3073,8.33,4.6,22.9,30.8,35,,,15,165,Y,22.48
1102,2000,28,3,0,140,73.87,9.84,136.3,0.3246,9.02,4.7,23.4,33.4,38.1,,,0,140,Y,23.55
1103,1986,0,0,11,0,0,0,0,0,0,,,,,9,sparse/clearcut,0,0,N,0
1103,1990,0,0,0,0,0,0,0,0,0,,,,,,sparse/clearcut,185,185,N,0
1103,1995,3,0,0,15,2.45,5.47,5.7,0.0136,5.43,4.5,5.9,6.7,6.8,,sparse/clearcut,185,200,N,1.05
1103,2000,16,0,0,80,12.13,5.27,28.6,0.0682,5.22,4.5,7,7.8,8.4,,,0,80,Y,5.28
1104,1986,8,14,36,40,9.48,6.59,20.5,0.0488,6.51,5,7.5,25.4,25.5,9,sparse/clearcut,0,40,N,3.69
1104,1990,31,2,0,155,53.86,7.98,108,0.257,7.77,4.7,10.4,25.4,27.2,,,30,185,Y,19.07
1104,1995,29,4,0,145,53.5,8.23,106,0.2523,8.03,4.9,10.6,27.5,30.1,,,40,185,Y,18.66
1104,2000,29,6,0,145,50.97,8.03,101.9,0.2427,7.77,4.7,11.7,26.4,30.5,,,0,145,Y,17.99
1105,1986,22,47,9,110,19.9,5.76,45.4,0.108,5.7,5,7.5,26,26.1,8,post-disturbance (DSTRBCD1=8),0,110,Y,8.29
1105,1990,100,0,0,500,103.76,6.17,230.2,0.5482,6.04,4.5,9.7,30.2,31.8,,,0,500,Y,41.78
1105,1995,102,3,0,510,115.02,6.43,251.1,0.5978,6.3,4.5,10.2,33.2,34.7,,,0,510,Y,45.36
1105,2000,44,60,0,220,51.92,6.58,112.3,0.2674,6.4,4.5,10.1,31.6,33.5,,,0,220,Y,20.24
1106,1986,8,37,34,40,9.4,6.56,20.4,0.0485,6.49,5,7.7,42,42.3,8,post-disturbance (DSTRBCD1=8),0,40,N,3.67
1106,1990,77,0,0,385,120.36,7.57,246.3,0.5865,7.24,4.5,16.2,40,45.2,,,10,395,Y,43.74
1106,1995,62,16,0,310,104.04,7.84,209.9,0.4999,7.48,4.7,16.2,42,47.1,,,10,320,Y,37.15
1106,2000,51,12,0,255,94.47,8.24,187,0.4451,7.86,4.5,16.4,42.1,48,,,0,255,Y,32.91
1107,1986,12,26,16,60,13.96,6.53,30.3,0.0721,6.45,5,7.9,28.6,28.6,9,,0,60,Y,5.46
1107,1990,39,0,0,195,47.38,6.67,101.9,0.2427,6.56,4.5,9.1,24,26.7,,,25,220,Y,18.34
1107,1995,46,1,0,230,59.2,6.87,125.9,0.2998,6.71,4.5,10.4,25.3,28.6,,,25,255,Y,22.59
1107,2000,46,4,0,230,63.74,7.13,133.6,0.318,6.93,4.6,11.8,25.2,29,,,0,230,Y,23.87
1108,1986,3,3,25,15,3.27,6.32,7.2,0.0171,6.27,5.5,7.4,20,20,8,post-disturbance (DSTRBCD1=8),0,15,N,1.3
1108,1990,3,5,0,15,14.02,13.09,23.1,0.055,12.7,8.5,16.2,32,29.2,,,70,85,N,3.88
1108,1995,2,1,0,10,13.35,15.65,20.5,0.0488,15.6,14.4,16.8,32.5,32.1,,,95,105,N,3.38
1108,2000,8,0,0,40,20.34,9.66,37.8,0.09,8.46,4.6,17.4,30.6,34.7,,,0,40,N,6.55
1109,1981,0,5,16,0,0,0,0,0,0,,,,,9,sparse/clearcut,0,0,N,0
1109,1990,24,0,0,120,59.44,9.53,111.1,0.2645,8.91,4.8,16.8,33.1,38.9,,,35,155,Y,19.26
1109,1995,27,0,0,135,67.46,9.57,125.8,0.2996,8.9,4.6,17.9,34.1,42.9,,,35,170,Y,21.81
1109,2000,27,2,0,135,67.57,9.58,126,0.3,8.84,4.8,18.6,33.4,43.4,,,0,135,Y,21.83
1110,1990,15,0,0,75,67.18,12.81,111.7,0.2659,11.84,6.5,22.9,125.5,127.4,,,0,75,N,18.77
1110,1995,4,0,0,20,9.09,9.13,17.3,0.0412,9.12,8.7,9.6,127,127.2,,,0,20,N,3.01
1110,2000,17,0,0,85,44.05,9.75,81.6,0.1942,9.43,5,13.8,33.1,36.3,,,0,85,N,14.11
1111,1986,8,0,0,40,15.89,8.53,31,0.0739,8.51,7.4,9.5,43.2,43.1,,,0,40,N,5.44
1111,1990,18,0,0,90,26.97,7.41,55.7,0.1325,7.21,4.7,10.1,34.4,38.5,,,45,85,Y,9.91
1111,1995,8,1,1,40,13.3,7.81,26.9,0.064,7.66,5.7,10.1,43.8,51.4,,,0,45,N,4.76
1111,2000,9,4,1,45,17.46,8.43,34.2,0.0815,8.29,5.6,10.6,38.3,42.3,,,10,65,N,6.01
1112,1986,11,0,0,55,21.9,8.54,42.7,0.1017,8.44,7,11.5,38.1,42,,,0,55,N,7.49
1112,1990,20,0,0,100,31.6,7.61,64.5,0.1536,7.28,4.7,12.5,40.1,45.2,,,40,90,N,11.45
1112,1995,16,1,2,80,38,9.33,71.6,0.1705,9.03,5.3,15,44.7,46.9,,,5,85,N,12.44
1112,2000,23,2,0,115,39.01,7.89,78.6,0.1871,7.61,4.7,11.6,34.9,34.5,,,40,125,N,13.89
1113,1990,0,0,0,0,0,0,0,0,0,,,,,,NO_LIVE_TREES,0,0,N,0
1113,1995,0,0,0,0,0,0,0,0,0,,,,,,NO_LIVE_TREES,0,0,N,0
1113,2000,0,0,0,0,0,0,0,0,0,,,,,,,0,5,N,0
1114,1986,15,0,1,75,78.01,13.81,125.9,0.2998,12.66,6,25.5,37.5,38.7,,,0,65,Y,20.99
1114,1990,21,0,1,105,86.38,12.28,146,0.3477,10.93,4.6,25.6,28.1,36.2,,,40,105,Y,24.65
1114,1995,18,0,0,90,66.79,11.67,115.2,0.2744,10.68,4.6,23.6,133.9,139,,,5,90,Y,19.56
1115,1986,11,0,0,55,34.16,10.67,61,0.1454,10.51,7.6,14.6,29.7,30.2,,,0,55,Y,10.46
1115,1990,30,0,0,150,58.54,8.46,114.7,0.273,7.9,4.5,15.9,29.3,31.3,,,95,150,Y,20.13
1115,1995,30,0,0,150,57.56,8.39,113.1,0.2693,7.84,4.5,15.9,26.6,32,,,0,150,Y,19.87
1115,2000,24,0,0,120,57.39,9.36,108,0.2571,8.85,4.6,16.7,24.9,27.9,,,5,120,Y,18.75
1116,1986,14,0,0,70,77.51,14.25,123.6,0.2942,13.6,7.5,24.9,36.9,41.7,,,0,70,Y,20.53
1116,1990,18,0,0,90,90.09,13.55,146.5,0.3488,12.51,5,25.6,35.8,44,,,20,90,Y,24.48
1116,1995,5,1,1,25,22.94,12.97,38,0.0904,12.12,6.3,17.9,39.6,44.2,,,0,30,N,6.37
1116,2000,5,0,0,25,24.19,13.32,39.6,0.0943,12.4,6.3,18.7,43,48.6,,,0,25,N,6.63
1117,1986,11,0,0,55,49.95,12.9,82.8,0.1971,12.3,8,21.2,34.5,36.8,,,0,55,Y,13.9
1117,1990,31,0,0,155,79.65,9.71,147.8,0.3518,8.79,4.5,21.7,26.8,34.4,,,100,155,Y,25.56
1117,1995,22,0,0,110,69.13,10.73,123.3,0.2935,9.75,4.8,21.7,31.8,37.8,,,0,110,Y,21.1
1117,2000,19,0,0,95,74.59,12,127.3,0.303,11.08,5.4,22.4,33,37.9,,,0,95,N,21.53
1118,1990,12,0,0,60,37.74,10.74,67.3,0.1602,9.83,5.2,18.6,22,26,,,0,70,N,11.52
1118,1995,27,0,0,135,59,8.95,113,0.2691,8.41,4.8,18.6,26.8,29.1,,,20,140,Y,19.72
1118,2000,18,0,0,90,42.27,9.28,79.8,0.19,8.93,4.7,13.4,28.2,30,,,0,90,N,13.88
1119,1986,13,0,0,65,27.31,8.78,52.7,0.1255,8.74,7,9.6,31,31.6,,,0,65,Y,9.22
1119,1990,20,0,0,100,38.04,8.35,74.9,0.1783,8.18,5.3,10.5,28.2,31.4,,,30,100,Y,13.16
1119,1995,22,1,1,110,40.41,8.21,80.1,0.1907,7.84,4.7,12.1,25.1,31.7,,,25,115,Y,14.11
1119,2000,19,0,0,95,39.78,8.76,76.8,0.183,8.47,4.9,12.1,28.8,33,,,5,95,N,13.44
1120,1986,0,0,0,0,0,0,0,0,0,,,,,,,0,5,N,0
1120,1990,2,0,0,10,1.59,5.4,3.7,0.0089,5.4,5.4,5.4,,,,,0,10,N,0.68
1120,1995,5,0,0,25,10.97,8.97,21,0.05,8.74,6.5,11.7,24,24.7,,,15,25,N,3.66
1120,2000,5,0,0,25,12.6,9.61,23.5,0.0559,9.4,7.2,12.3,26.7,27.3,,,0,25,N,4.06
1121,1986,8,0,0,40,15.06,8.31,29.7,0.0707,8.16,5.8,10.5,,,,,0,40,N,5.22
1121,1990,8,0,0,40,18.52,9.21,35.1,0.0835,9,6.2,12.1,,,,,0,40,N,6.1
1121,1995,9,0,0,45,27.58,10.6,49.4,0.1177,10.29,6.7,14.7,,,,,0,45,N,8.47
1121,2000,9,0,0,45,30.05,11.07,52.9,0.126,10.79,7.2,14.7,29.2,33.4,,,0,45,N,9.03
1122,1986,10,0,0,50,13.94,7.15,29.2,0.0695,6.98,4.8,9.5,,,,,0,50,N,5.21
1122,1990,10,0,0,50,16.46,7.77,33.3,0.0794,7.59,5.3,10.3,,,,,0,50,N,5.9
1122,1995,12,0,0,60,20.47,7.91,41.2,0.098,7.64,4.8,11,,,,,10,60,N,7.28
1122,2000,12,0,0,60,23.94,8.55,46.7,0.1112,8.28,5.3,11.8,,,,,0,60,N,8.19
1123,1986,9,0,0,45,17.72,8.5,34.6,0.0825,8.41,6.5,11,,,,,0,45,N,6.08
1123,1990,9,0,0,45,23.44,9.77,43.4,0.1033,9.72,8.5,12,34,34,,,0,45,N,7.5
1123,1995,9,0,0,45,22.26,9.52,41.6,0.0991,9.33,5.9,12.9,,,,,15,45,N,7.21
1123,2000,17,0,0,85,35.27,8.72,68.3,0.1625,8.31,4.7,13.5,39.6,51,,,40,85,Y,11.94
1124,1986,5,0,0,25,5.79,6.51,12.6,0.0299,6.36,4.5,7.8,,,,,0,25,N,2.27
1124,1990,6,0,0,30,8.43,7.18,17.6,0.0419,7.03,4.8,8.3,8,8,,,0,30,N,3.15
1124,1995,5,0,0,25,7.59,7.46,15.6,0.0372,7.22,4.8,9.8,,,,,0,25,N,2.78
1124,2000,4,0,1,20,4.26,6.25,9.4,0.0224,6.03,4.9,8.9,15.5,10.6,,,0,20,N,1.71
1125,1990,2,0,0,10,6.31,10.76,11.2,0.0268,10.3,7.2,13.4,143.5,146,,,0,10,N,1.92
1126,1986,7,0,0,35,18.56,9.86,34.2,0.0815,9.41,6,13.8,40,40.3,,,5,50,N,5.91
1126,1990,13,0,0,65,26.69,8.68,51.8,0.1232,8.11,5,14.5,46.7,43.5,,,0,65,Y,9.06
1126,1995,7,0,0,35,26.33,11.74,45.3,0.1079,10.84,4.9,18.4,37.3,47.7,,,0,35,N,7.68
1126,2000,11,0,0,55,26.97,9.48,50.5,0.1202,9.03,6,15.7,29.8,33.8,,,5,55,N,8.76
1127,1986,8,0,0,40,17,8.83,32.7,0.078,8.62,7,12.8,45.8,46,,,0,45,N,5.72
1127,1990,8,0,0,40,18.91,9.31,35.7,0.0849,8.88,5.1,15.5,42.2,47.9,,,0,40,N,6.2
1127,1995,14,0,0,70,26.98,8.41,53,0.1261,8.17,5.1,13.5,44.7,49.5,,,0,70,Y,9.31
1128,1989,5,0,0,25,18.84,11.75,32.4,0.0772,11.32,8.2,15.8,,,,,0,25,N,5.5
1128,1994,1,0,0,5,7.7,16.8,11.5,0.0274,16.8,16.8,16.8,48,48,,,0,5,N,1.88
1128,1999,10,0,0,50,24.25,9.43,45.5,0.1083,8.82,5.2,17.5,51.8,56.3,,,15,50,N,7.9
1129,1986,22,0,0,110,84.39,11.86,144.7,0.3444,11.39,7.2,16.5,46.6,47.4,,,0,115,N,24.51
1130,1986,21,0,0,105,66.54,10.78,118.4,0.282,10.37,6.5,18.6,,,,,0,105,Y,20.27
1130,1989,18,0,0,90,65.07,11.51,112.8,0.2687,11.11,6.6,18.7,,,,,0,105,Y,19.18
1130,1994,10,0,0,50,58.24,14.61,91.9,0.2189,13.73,4.8,18.8,136.7,138.9,,,5,50,Y,15.23
1130,1999,15,0,0,75,49.26,10.97,87.1,0.2073,10.64,7,18.4,132.5,133.1,,,0,75,Y,14.87
1131,1986,0,0,0,0,0,0,0,0,0,,,,,,NO_LIVE_TREES,0,0,N,0
1131,1989,2,0,0,10,3.37,7.86,6.8,0.0162,7.85,7.4,8.3,,,,,0,10,N,1.2
1131,1999,6,0,0,30,5.38,5.73,12.3,0.0293,5.67,4.8,7.2,25.3,26,,,35,30,N,2.25
1132,1986,2,0,0,10,2.56,6.85,5.4,0.013,6.85,6.8,6.9,,,,,0,10,N,0.98
1132,1989,0,0,0,0,0,0,0,0,0,,,,,,NO_LIVE_TREES,0,0,N,0
1132,1994,1,0,0,5,2.11,8.8,4.1,0.0097,8.8,8.8,8.8,129,129,,,0,5,N,0.71
1132,1999,1,0,0,5,0.86,5.6,2,0.0047,5.6,5.6,5.6,28,28,,,5,5,N,0.36
1133,1986,13,0,0,65,23.27,8.1,46.4,0.1104,7.97,6,11.1,,,,,0,65,Y,8.18
1133,1989,12,0,0,60,24.6,8.67,47.7,0.1136,8.51,6,11.8,,,,,0,60,Y,8.35
1133,1994,18,0,0,90,33.74,8.29,66.6,0.1586,8.08,5.4,11.6,117.3,118.2,,,0,90,Y,11.72
1133,1999,22,0,0,110,41.44,8.31,81.7,0.1946,8.02,4.8,12.9,130.2,132.3,,,60,120,Y,14.38
1134,1986,13,0,0,65,27.08,8.74,52.4,0.1247,8.51,6.5,13.9,,,,,0,75,Y,9.16
1134,1989,13,0,0,65,29.32,9.09,55.8,0.1329,8.89,6.5,14.3,,,,,0,65,Y,9.72
1134,1994,6,0,0,30,23.2,11.91,39.7,0.0945,11.78,9.5,14.3,130,128.1,,,5,30,N,6.72
1134,1999,16,0,0,80,31.77,8.53,62,0.1477,8,4.7,14.9,114.3,126,,,15,80,Y,10.88
1150,1989,26,0,0,130,32.47,6.77,69.5,0.1654,6.7,4.7,8.4,38.5,39.7,,,0,130,N,12.48
1150,1994,35,4,0,175,44.83,6.85,95.4,0.2272,6.76,4.7,8.9,104.1,104.4,,,0,195,Y,17.12
1150,1999,26,0,0,130,38.44,7.36,79.5,0.1894,7.22,4.8,12.1,111.9,107.1,,,0,130,Y,14.17
1151,1989,10,0,0,50,10.07,6.08,22.5,0.0535,5.98,4.6,7.8,43.9,44.9,,,0,50,N,4.09
1151,1994,15,0,0,75,24.1,7.68,49,0.1168,7.19,4.5,15.6,64.7,73.7,,,0,85,N,8.7
1151,1999,14,0,0,70,27.56,8.5,53.9,0.1283,7.99,4.9,15.9,100,111.8,,,0,70,Y,9.45
1153,1989,0,0,0,0,0,0,0,0,0,,,,,,NO_LIVE_TREES,0,0,N,0
1153,1999,0,0,0,0,0,0,0,0,0,,,,,,NO_LIVE_TREES,0,0,N,0
1154,1989,8,0,0,40,12.62,7.61,25.8,0.0614,7.45,5,9.9,51.8,58.6,,,0,55,N,4.58
1154,1994,24,1,0,120,49.73,8.72,96.3,0.2292,8.15,4.8,18.4,92.8,97.4,,,0,125,N,16.84
1154,1999,34,0,0,170,55.23,7.72,112.2,0.2671,7.15,4.5,15.5,76.1,97.2,,,0,170,Y,19.88
1135,1999,6,0,0,30,16.18,9.94,29.7,0.0708,8.67,4.8,15.6,61,106.6,,,10,35,N,5.13
1136,1989,3,0,0,15,4.99,7.81,10.1,0.024,7.73,6.4,9,64.7,61.4,,,0,15,N,1.78
1136,1994,6,0,0,30,24.26,12.18,41.2,0.098,9.84,5,25.5,82.7,108.3,,,0,30,N,6.95
1136,1999,32,0,0,160,83.95,9.81,155.1,0.3693,8.86,4.6,18.1,130.3,134.9,,,0,160,N,26.81
1137,1989,9,0,0,45,37.99,12.44,63.9,0.1521,10.66,4.8,27.9,35.4,35.3,,,0,45,N,10.77
1137,1994,3,0,0,15,7.92,9.84,14.6,0.0348,9.67,7.3,11.8,109,117.6,,,0,15,N,2.53
1137,1999,4,0,0,20,3.07,5.3,7.2,0.0172,5.28,4.8,6.2,89.3,93.2,,,0,20,N,1.33
1138,1989,4,0,0,20,24.55,15,38.3,0.0913,13.98,7.4,19.6,15,15,,,0,20,N,6.34
1138,1999,3,0,0,15,1.81,4.71,4.5,0.0107,4.7,4.5,5.1,40.7,39.4,,,20,20,N,0.84
1139,1986,45,0,0,225,104.88,9.24,198.3,0.4723,8.82,4.6,15.2,62.4,69.1,,,0,230,N,34.49
1139,1990,46,0,0,230,116.67,9.64,217,0.5166,9.2,4.6,15.8,63.7,70.7,,,0,230,N,37.57
1139,1995,46,0,0,230,131.92,10.25,239.5,0.5702,9.81,5,16.6,65.7,72.5,,,0,230,N,41.19
1139,2000,0,0,0,0,0,0,0,0,0,,,,,,NO_LIVE_TREES,0,0,N,0
1140,1990,26,0,0,130,78.21,10.5,140.6,0.3349,9.85,7.3,23,44.5,48.8,,,0,130,N,24.13
1140,1995,43,0,0,215,117.3,10,215.1,0.512,9.48,5.6,23,42.3,47,,,0,215,N,37.09
1141,1990,6,0,0,30,24.32,12.19,41.2,0.0982,11.6,7.8,18.4,45,45,,,0,30,N,6.97
1141,1995,0,0,0,0,0,0,0,0,0,,,,,,NO_LIVE_TREES,0,0,N,0
1141,2000,6,0,0,30,9.03,7.43,18.6,0.0443,7.22,4.6,9.4,52.5,60.8,,,0,30,N,3.31
1142,1986,19,0,0,95,44.48,9.26,84,0.2001,9.03,7,15.6,33.9,35.1,,,0,95,Y,14.61
1142,1990,17,0,0,85,45.78,9.94,84.2,0.2004,9.71,7.3,16,59.6,59.3,,,0,85,N,14.52
1142,1995,19,0,0,95,48.09,9.63,89.5,0.2131,9.37,5.9,16,56.7,58.1,,,0,95,N,15.49
1142,2000,2,0,0,10,10.16,13.65,16.5,0.0392,13.4,10.8,16,,,,,0,10,N,2.75
1143,1986,9,0,0,45,20.85,9.22,39.5,0.094,9.11,6.8,10.7,40.6,38.7,,,0,45,N,6.87
1143,1990,5,0,0,25,10.78,8.89,20.7,0.0493,8.86,7.9,9.7,53.8,55.7,,,0,25,N,3.62
1143,1995,8,0,0,40,12.6,7.6,25.7,0.0613,7.35,4.8,9.8,28,28,,,0,40,N,4.57
1143,2000,15,0,0,75,23.83,7.63,48.6,0.1157,7.47,5.8,10.6,,,,,0,75,N,8.63
1145,1986,2,0,0,10,1.61,5.43,3.8,0.0089,5.4,4.8,6,,,,,0,10,N,0.69
1145,1990,1,0,0,5,1.34,7,2.8,0.0067,7,7,7,,,,,0,5,N,0.51
1146,1986,28,0,1,140,81.95,10.36,148.2,0.3528,9.96,6.1,16.8,49.7,54.3,,,115,140,Y,25.46
1146,1990,35,0,3,175,91.91,9.81,169.8,0.4042,9.37,4.7,16.8,47.2,53.2,,,20,175,Y,29.34
1146,1995,32,0,3,160,92.07,10.27,167,0.3977,9.88,5.3,17.2,49.7,55.9,,,0,160,Y,28.73
1147,1999,0,0,0,0,0,0,0,0,0,,,,,,NO_LIVE_TREES,0,0,N,0
1148,1999,10,0,0,50,9.7,5.96,21.8,0.0519,5.92,4.9,7.6,29.3,31.4,,,0,55,Y,3.97
1149,1986,13,0,0,65,34.39,9.85,63.4,0.151,9.49,4.8,14.4,39.8,40.9,,,0,65,Y,10.96
1149,1989,11,0,0,55,35.07,10.81,62.3,0.1484,10.68,7.5,12.3,39.2,39.5,,,0,55,Y,10.66
1149,1994,4,0,0,20,9.12,9.15,17.3,0.0413,8.07,5.2,15.5,23.8,24.6,,,0,20,N,3.02
1155,1986,0,0,0,0,0,0,0,0,0,,,,,,NO_LIVE_TREES,0,0,N,0
1155,1989,2,0,0,10,6.4,10.83,11.4,0.0271,10.8,10,11.6,,,,,0,10,N,1.94
1155,1994,7,0,0,35,26.51,11.78,45.5,0.1084,10.44,4.7,18.6,122,122,,,5,35,N,7.72
1155,1999,12,0,0,60,44.48,11.66,76.8,0.1827,10.98,5.6,18,102.3,92.3,,,5,65,N,13.03
1156,1986,0,0,0,0,0,0,0,0,0,,,,,,NO_LIVE_TREES,0,0,N,0
1156,1989,3,0,0,15,16.61,14.25,26.5,0.063,14.13,12,16.4,,,,,0,15,N,4.4
1156,1994,0,0,0,0,0,0,0,0,0,,,,,,NO_LIVE_TREES,0,0,N,0
1156,1999,6,0,0,30,15.88,9.85,29.3,0.0697,9.13,5.6,14.5,124,122.5,,,0,30,N,5.06
1157,1986,2,0,0,10,2.54,6.82,5.4,0.0129,6.7,5.4,8,121,121.4,,,0,10,N,0.97
1157,1989,6,0,0,30,22.31,11.68,38.5,0.0916,11.23,7.7,15.8,,,,,0,30,N,6.53
1157,1994,5,0,0,25,19.95,12.1,33.9,0.0808,11.14,6.5,17.8,144,144,,,0,25,N,5.74
1157,1999,8,0,0,40,20.85,9.78,38.6,0.0918,9.21,5,16.5,117.8,106.3,,,0,40,N,6.67
1158,1986,1,0,0,5,1.34,7,2.8,0.0067,7,7,7,,,,,0,5,N,0.51
1158,1989,0,0,0,0,0,0,0,0,0,,,,,,NO_LIVE_TREES,0,0,N,0
1158,1994,9,0,0,45,20.43,9.12,38.8,0.0925,8.68,4.9,12.6,121,120.6,,,5,45,N,6.76
1158,1999,9,0,0,45,32.3,11.47,56.1,0.1336,11.08,7.8,16.4,128.5,127.4,,,0,45,N,9.54
1159,1986,2,0,0,10,3.08,7.52,6.3,0.0151,7.5,7,8,,,,,0,10,N,1.12
1159,1989,8,0,0,40,15.66,8.47,30.7,0.073,8.44,8,10.1,,,,,0,40,N,5.38
1159,1994,1,0,0,5,1.62,7.7,3.3,0.0078,7.7,7.7,7.7,,,,,0,5,N,0.58
1159,1999,4,0,0,20,7.74,8.42,15.2,0.0362,8.18,6,11.5,131.3,136.4,,,0,20,N,2.67
1160,1986,8,0,0,40,15.97,8.56,31.1,0.0741,8.5,7.4,10.9,,,,,0,40,N,5.46
1160,1989,5,0,0,25,16,10.83,28.4,0.0677,10.76,9.3,12.8,47,47,,,0,25,N,4.86
1160,1994,1,0,0,5,2.62,9.8,4.8,0.0115,9.8,9.8,9.8,,,,,0,5,N,0.84
1162,1986,3,0,0,15,5.98,8.55,11.7,0.0278,8.53,7.8,9,,,,,0,15,N,2.05
1162,1989,4,0,0,20,12.1,10.53,21.7,0.0517,10.03,7,15.4,,,,,0,20,N,3.73
1162,1994,8,0,0,40,19.45,9.44,36.5,0.0869,8.71,4.5,15.7,,,,,25,40,N,6.33
1162,1999,16,0,0,80,33.82,8.8,65.2,0.1553,8.12,5.2,19.6,,,,,5,80,Y,11.4
1163,1995,20,0,0,100,33.21,7.8,67.2,0.1599,7.6,4.6,10.7,,,,,0,100,Y,11.89
1163,2000,38,0,0,190,60.88,7.66,124,0.2952,7.51,4.5,11.2,,,,,0,190,Y,21.99
1164,1986,3,0,0,15,11.53,11.87,19.8,0.047,11.1,6,16.3,,,,,0,15,N,3.35
1164,1990,0,0,0,0,0,0,0,0,0,,,,,,NO_LIVE_TREES,0,0,N,0
1164,1995,3,0,1,15,9.95,11.03,17.6,0.0418,11,10,12,,,,,0,15,N,3
1170,1995,23,0,0,115,56.44,9.49,105.7,0.2516,9.32,5.8,12.3,45.3,45.2,,,0,115,Y,18.33
1170,2000,32,0,0,160,69.03,8.89,132.6,0.3156,8.45,4.5,15,18.8,18.8,,,45,160,Y,23.15
1171,1989,26,0,0,130,49,8.31,96.6,0.2301,8.01,4.6,13.5,,,,,0,135,Y,16.99
1171,1994,20,0,0,100,38.45,8.4,75.5,0.1799,8.11,4.7,13,,,,,0,100,N,13.27
1171,1999,33,0,0,165,54.59,7.79,110.5,0.2631,7.53,4.7,13.2,,,,,0,165,Y,19.56
1172,1989,8,0,0,40,14.77,8.23,29.3,0.0696,8.19,6.6,9.4,,,,,0,40,N,5.15
1172,1994,36,0,0,180,97.25,9.95,178.6,0.4253,9.22,4.8,19.6,,,,,0,180,N,30.83
1173,1989,2,0,0,10,4.18,8.75,8.1,0.0192,8.75,8.5,9,,,,,0,10,N,1.41
1173,1994,20,0,0,100,32.44,7.71,65.9,0.1569,7.43,4.5,10.6,,,,,0,110,N,11.68
1173,1999,34,0,0,170,54.91,7.7,111.7,0.2659,7.35,4.5,14.4,,,,,0,175,Y,19.8
1174,1989,23,0,0,115,40.93,8.08,81.6,0.1944,7.89,4.9,12.9,,,,,0,115,N,14.4
1174,1994,21,0,0,105,37.31,8.07,74.5,0.1773,7.36,4.6,19.8,,,,,0,105,N,13.13
1165,1990,20,1,0,100,54.62,10.01,100.1,0.2384,9.07,4.7,21.5,39,50.1,,,15,105,Y,17.27
1165,1995,20,1,0,100,54.62,10.01,100.1,0.2384,9.07,4.7,21.5,39,50.1,,,15,105,Y,17.27
1165,2000,17,0,0,85,57.13,11.1,100.5,0.2393,10.13,5.2,21.8,50.1,60.1,,,0,90,Y,17.15
1166,1990,25,0,0,125,115.69,13.03,191.1,0.455,11.82,6,27,43.8,49.9,,,0,125,Y,32.05
1166,1995,37,0,1,185,140.48,11.8,241.3,0.5744,10.58,5.1,27.4,42.8,52.4,,,0,185,Y,40.9
1166,2000,16,0,0,80,30.91,8.42,60.7,0.1444,8.17,5.2,14.3,36.9,40,,,0,80,N,10.65
1167,1990,1,0,0,5,0.55,4.5,1.4,0.0033,4.5,4.5,4.5,,,,NO_LIVE_TREES,0,0,N,0.26
1167,1995,17,0,0,85,45.74,9.93,84.1,0.2002,9.74,7.4,15.2,38.9,40.3,,,0,85,N,14.51
1167,2000,27,0,0,135,65.81,9.45,123.4,0.2937,9.11,4.5,15.3,40.3,42.5,,,0,135,N,21.4
1168,1986,0,1,1,0,0,0,0,0,0,,,,,,,0,10,N,0
1169,1986,14,0,0,70,49.57,11.39,86.3,0.2055,11.03,5.5,16.1,37,37,,,0,70,Y,14.69
1169,1990,14,0,0,70,52.61,11.74,90.5,0.2156,11.41,8.1,18.7,40,40,,,0,70,Y,15.36
1169,1995,37,1,2,185,96.01,9.75,177.8,0.4232,9.37,5,14.3,34.3,39,,,40,190,Y,30.74
1169,2000,22,0,0,110,49.77,9.11,94.7,0.2254,8.74,4.6,14.8,34.1,39.3,,,0,110,N,16.49
1175,1989,0,0,0,0,0,0,0,0,0,,,,,,NO_LIVE_TREES,0,0,N,0
1175,1994,0,0,0,0,0,0,0,0,0,,,,,,NO_LIVE_TREES,0,0,N,0
1175,1999,10,1,0,50,26.16,9.79,48.4,0.1152,9.25,5.8,16.3,128.8,126.4,,,0,55,Y,8.36
1176,1989,0,1,0,0,0,0,0,0,0,,,,,,NO_LIVE_TREES,0,5,N,0
1176,1994,5,0,0,25,15.99,10.83,28.4,0.0676,10.36,4.8,13.4,25,23.6,,,0,25,N,4.86
1176,1999,10,0,0,50,11.34,6.45,24.7,0.0589,6.19,4.5,10,118.7,119.3,,,0,50,Y,4.47
1177,1989,8,0,1,40,38.25,13.24,62.8,0.1494,12.53,8,19.2,25,25,,,20,40,N,10.51
1177,1994,1,0,0,5,5.35,14,8.6,0.0204,14,14,14,140,140,,,0,5,N,1.43
1177,1999,3,0,0,15,2.96,6.01,6.6,0.0158,5.92,5,7.4,21,21,,,0,15,N,1.21
1178,1989,17,0,0,85,56.37,11.03,99.4,0.2367,10.2,5.8,18.9,48,48,,,0,85,N,16.97
1178,1994,13,0,0,65,24.08,8.24,47.7,0.1135,7.4,4.5,18.7,88.4,120.1,,,0,70,Y,8.39
1178,1999,19,0,0,95,40.51,8.84,78,0.1856,8.31,4.8,18.2,128,129.9,,,0,95,Y,13.62
1179,1989,4,0,0,20,8.47,8.81,16.3,0.0389,8.62,6.1,10.6,120,120,,,25,20,N,2.85
1179,1994,18,0,0,90,21.2,6.57,45.9,0.1092,6.47,4.7,8.3,132.5,134.2,,,0,90,N,8.27
1179,1999,13,1,1,65,21.47,7.78,43.5,0.1035,7.45,4.5,12.6,140,142.8,,,0,70,Y,7.7
1180,1989,7,0,0,35,23.11,11,40.8,0.0972,10.11,5.5,16.8,,,,,0,60,N,6.97
1180,1994,1,0,0,5,1.12,6.4,2.4,0.0058,6.4,6.4,6.4,22,22,,,0,5,N,0.44
1180,1999,20,0,0,100,37.38,8.28,73.8,0.1758,7.66,4.8,16.9,12.8,14.3,,,0,100,N,12.99
1181,1989,13,0,0,65,34.97,9.93,64.3,0.1531,8.18,4.5,24.8,,,,,0,65,N,11.1
1181,1994,7,0,0,35,24.31,11.28,42.5,0.1012,10.31,6.8,18.2,30,29,,,0,40,N,7.24
1181,1999,47,0,0,235,66.12,7.18,138.2,0.3289,6.84,4.5,14,29.9,35,,,10,240,N,24.67
1182,1989,12,0,0,60,34.49,10.27,62.6,0.149,9.67,4.7,18.8,,,,,0,60,N,10.76
1182,1994,8,0,0,40,28.89,11.51,50.1,0.1193,9.53,4.5,22.3,32.1,32.4,,,0,45,N,8.52
1182,1999,37,0,0,185,67.63,8.19,134.2,0.3195,7.78,4.6,16.5,33.4,37.6,,,0,185,N,23.64
1183,1989,4,0,0,20,9.26,9.21,17.5,0.0417,9.18,7.8,9.8,42,42.3,,,5,20,N,3.05
1183,1994,23,1,0,115,66.93,10.33,121.1,0.2884,9.49,5.4,19.5,31.8,33.6,,,0,125,N,20.82
1192,1990,3,0,0,15,6.61,8.99,12.6,0.0301,8.93,7.5,9.8,54.3,55,,,0,15,N,2.21
1192,1995,0,0,0,0,0,0,0,0,0,,,,,,NO_LIVE_TREES,0,0,N,0
1193,1990,20,0,0,100,78,11.96,133.3,0.3173,11.25,7,24.3,32.4,36.3,,,0,100,Y,22.56
1193,1995,32,0,0,160,93.7,10.36,169.4,0.4033,9.43,4.6,25.4,28.4,36,,,65,160,Y,29.11
1193,2000,20,0,0,100,53.79,9.93,98.9,0.2354,9.34,4.9,17.8,34.9,39.9,,,0,100,Y,17.07
1194,1990,16,0,0,80,64.18,12.13,109,0.2596,11.08,7,25.3,39.9,44.9,,,0,80,Y,18.43
1194,1995,35,0,0,175,89.88,9.7,166.8,0.397,8.69,4.7,25.8,28.9,40.1,,,100,175,Y,28.85
1194,2000,22,0,0,110,50.6,9.18,95.9,0.2284,8.52,5,21,29,38.4,,,0,110,Y,16.7
1195,1990,18,0,0,90,35.43,8.5,69.3,0.165,8.38,7,11.5,37.7,38.5,,,0,90,Y,12.16
1195,1995,33,0,0,165,56.57,7.93,113.7,0.2707,7.71,5.2,12.4,38.4,39.8,,,75,165,Y,20.09
1195,2000,31,0,0,155,55.61,8.11,110.7,0.2637,7.9,5.7,12.9,43.4,44.7,,,0,155,Y,19.53
1196,1990,16,0,0,80,64.41,12.15,109.4,0.2604,11.59,7,18.5,50.1,55.6,,,40,80,Y,18.48
1196,1995,19,7,0,95,54.43,10.25,98.8,0.2353,9.52,4.6,16.5,47.8,53.9,,,40,130,Y,17
1196,2000,16,0,0,80,40.53,9.64,75.4,0.1795,8.76,4.6,18.4,30.2,43.1,,,10,80,Y,13.06
1197,1987,10,0,0,50,36.72,11.6,63.5,0.1512,11,7.9,20.9,33.4,37.5,,,0,50,Y,10.78
1197,1992,15,0,0,75,48.1,10.84,85.4,0.2034,10.07,4.8,21,29,36.3,,,25,75,Y,14.61
1197,1997,4,0,0,20,9.66,9.41,18.1,0.0432,9.25,7.9,12.2,34.3,34.2,,,0,20,N,3.15
1197,2002,17,0,0,85,65.19,11.86,111.7,0.266,10.74,4.5,21.6,30.8,38.7,,,15,85,Y,18.93
1198,1992,4,0,0,20,16.82,12.42,28.3,0.0674,12.32,10.9,14.8,,,,,0,20,N,4.77
1198,1997,5,0,0,25,15.06,10.51,27.1,0.0645,9.98,4.6,14.4,48,56.5,,,0,25,N,4.65
1198,2002,1,0,0,5,4.06,12.2,6.9,0.0164,12.2,12.2,12.2,44,44,,,0,5,N,1.16
1199,1987,14,0,0,70,74.45,13.96,119.6,0.2848,13.38,7.9,20.4,24.3,23.4,,,5,70,Y,19.92
1199,1992,14,0,0,70,79.61,14.44,126.2,0.3006,13.93,8.7,20.6,25.7,26.1,,,5,70,Y,20.95
1199,1997,7,0,0,35,49.67,16.13,75.4,0.1795,15.63,9,20.6,44.1,45.7,,,0,35,N,12.37
1199,2002,20,0,0,100,94.98,13.2,156.1,0.3716,11.7,5.1,27.8,36.1,45.6,,,0,100,Y,26.15
1200,1992,27,0,0,135,73.98,10.02,135.5,0.3226,9.05,4.8,28.8,29.9,38.6,,,55,135,Y,23.37
1200,2002,19,0,0,95,47.32,9.56,88.3,0.2103,9.42,6.5,12.6,32.3,34.1,,,5,95,Y,15.31
1201,1992,38,0,0,190,85.03,9.06,162.1,0.386,8.77,4.8,13.3,26.7,29.7,,,85,190,Y,28.25
1201,1997,7,0,0,35,13.24,8.33,26.1,0.0621,8.31,7.5,8.8,31.3,31.5,,,0,35,N,4.59
1202,1990,12,0,0,60,25.09,8.76,48.5,0.1154,8.67,7.1,11.2,39.8,42.9,,,120,60,Y,8.48
1202,1995,10,0,0,50,23.69,9.32,44.7,0.1063,9.19,6.3,12.1,42.5,46.2,,,0,50,Y,7.76
1202,2000,47,0,0,235,79.52,7.88,160.2,0.3815,7.37,4.5,20.9,24.4,34.6,,,0,235,Y,28.34
1203,1989,3,0,0,15,32.78,20.02,45.7,0.1088,18.2,7.9,28.3,48,48,,,0,15,N,7.33
1203,1994,13,0,0,65,56.67,12.64,94.7,0.2255,11.17,4.8,27.2,36.5,47.9,,,0,65,Y,15.94
1203,1999,16,0,0,80,55.7,11.3,97.3,0.2317,10.11,4.9,27.6,34.8,42.5,,,0,80,Y,16.57
1204,1989,6,0,0,30,24.23,12.17,41.1,0.0979,11.8,7.1,15.7,,,,,0,30,N,6.95
1204,1994,9,0,0,45,60.85,15.75,93.3,0.222,14.31,4.9,25,35,37.4,,,0,45,N,15.33
1204,1999,22,0,0,110,70.54,10.84,125.3,0.2982,9.87,4.5,18.8,28.8,38.8,,,0,110,Y,21.42
1205,1989,16,0,0,80,101.37,15.24,157.4,0.3746,14.24,7.6,24.1,,,,,0,80,Y,25.96
1205,1994,11,0,0,55,93.23,17.63,136.6,0.3253,17.08,9.8,24,45,45.1,,,0,55,Y,22.2
1205,1999,12,0,0,60,60.43,13.59,98.2,0.2337,12.49,7,25.8,38.2,43.3,,,0,60,Y,16.39
1206,1989,14,0,0,70,52.34,11.71,90.2,0.2147,11.26,7.4,17.7,24.9,27.9,,,0,70,Y,15.3
1206,1994,10,0,0,50,38.34,11.86,65.7,0.1565,11.15,5.5,17.9,27.2,23.1,,,0,50,Y,11.13
1206,1999,12,0,0,60,29.34,9.47,55,0.1309,9.11,5.7,14.3,28,29.1,,,0,60,Y,9.53
1208,1987,28,0,0,140,88.25,10.75,157.2,0.3744,10.53,7,14.5,51,52.8,,,0,140,Y,26.92
1208,1992,39,0,0,195,111.68,10.25,202.8,0.4829,9.76,4.7,16.2,47.3,53.6,,,60,195,Y,34.89
1208,1997,36,0,0,180,102.61,10.22,186.5,0.444,9.77,4.5,16.2,48.2,53.6,,,10,180,Y,32.09
1208,2002,30,0,0,150,82.08,10.02,150.4,0.3581,9.56,4.6,17.5,48.6,56.5,,,0,150,Y,25.94
1209,1987,12,0,0,60,33.03,10.05,60.4,0.1439,9.83,7.3,14.2,36.2,37.1,,,0,60,Y,10.42
1209,1992,25,0,0,125,53.71,8.88,103.2,0.2458,8.52,5.1,14.9,31.8,35.7,,,65,125,Y,18.03
1209,1997,1,0,0,5,0.98,6,2.2,0.0052,6,6,6,,,,,0,5,N,0.4
1209,2002,19,0,0,95,35.01,8.22,69.3,0.1651,7.71,4.7,13.8,43.2,45.4,,,25,95,Y,12.21
1210,1992,1,0,0,5,2.36,9.3,4.5,0.0106,9.3,9.3,9.3,,,,,0,5,N,0.77
1211,2002,1,0,0,5,1.41,7.2,3,0.007,7.2,7.2,7.2,43,43,,,0,5,N,0.53
1217,1987,51,0,0,255,69.12,7.05,145.5,0.3464,6.77,4.5,12,,,,,0,255,Y,26.03
1217,1991,50,0,0,250,78.18,7.57,160,0.3809,7.32,5,12.5,,,,,15,250,Y,28.41
1217,1996,50,0,1,250,89.19,8.09,177.8,0.4234,7.83,5.4,13.1,,,,,0,250,Y,31.36
1217,2001,49,0,0,245,100.78,8.68,195.4,0.4651,8.43,5.8,13.8,,,,,0,245,Y,34.2
1218,1987,27,0,0,135,37.61,7.15,78.7,0.1875,6.94,4.5,11,,,,,0,135,Y,14.07
1218,1991,27,0,0,135,42.37,7.59,86.6,0.2063,7.38,5,11.5,,,,,10,135,Y,15.38
1218,1996,27,0,1,135,48.36,8.1,96.3,0.2294,7.9,5.4,12.1,,,,,0,135,Y,16.99
1219,1987,20,0,0,100,28.33,7.21,59.1,0.1408,7,4.5,11,,,,,0,100,Y,10.55
1219,1991,20,0,0,100,32.1,7.67,65.4,0.1556,7.47,5.1,11.5,,,,,10,100,Y,11.59
1219,1996,20,0,1,100,36.69,8.2,72.7,0.1732,8,5.6,12.1,,,,,0,100,Y,12.81
1219,2001,20,0,0,100,41.93,8.77,81,0.1928,8.57,6.1,12.8,,,,,0,100,Y,14.16
1220,1987,23,0,0,115,37.45,7.73,76,0.181,7.46,4.5,12.5,,,,,0,115,Y,13.47
1220,1991,23,0,0,115,41.03,8.09,81.8,0.1948,7.79,5,13,,,,,10,115,Y,14.43
1220,1996,23,0,1,115,46.74,8.63,90.8,0.2162,8.33,5.4,13.7,,,,,0,115,Y,15.91
1220,2001,23,0,0,115,52.98,9.19,100.4,0.2391,8.9,5.8,14.4,,,,,0,115,Y,17.48
1221,1987,21,0,0,105,41.02,8.46,80.3,0.1913,8.12,5,14,,,,,0,105,Y,14.1
1221,1991,21,0,0,105,45.48,8.91,87.3,0.2078,8.57,5.1,14.5,,,,,10,105,Y,15.24
1221,1996,21,0,1,105,51.39,9.47,96.3,0.2292,9.13,5.6,15.1,,,,,0,105,Y,16.7
1221,2001,21,0,0,105,57.8,10.05,105.8,0.2519,9.71,6.1,15.8,,,,,0,105,Y,18.24
1222,1987,23,0,0,115,24.36,6.23,53.8,0.1282,6.1,4.5,9,,,,,0,170,Y,9.76
1222,1991,29,0,0,145,33.44,6.5,72.7,0.1731,6.37,4.5,9.5,,,,,5,170,Y,13.12
1222,1995,32,1,0,160,40.13,6.78,85.8,0.2042,6.63,4.5,10,,,,,5,170,Y,15.41
1222,2001,33,0,0,165,50.05,7.46,103,0.2453,7.3,5,11,,,,,0,165,Y,18.33
1223,1991,13,0,0,65,13.86,6.25,30.6,0.0728,6.15,4.5,8.2,,,,,0,100,Y,5.54
1223,1996,16,0,0,80,19.76,6.73,42.4,0.1009,6.58,4.5,9,,,,,0,100,Y,7.62
1223,2001,19,1,0,95,27.7,7.31,57.5,0.1369,7.09,4.5,10.2,,,,,0,100,Y,10.24
1224,1987,9,0,0,45,12.55,7.15,26.3,0.0626,6.91,4.5,10,,,,,0,60,N,4.69
1224,1991,11,0,0,55,16.2,7.35,33.5,0.0799,7.07,4.5,10.6,,,,,5,65,Y,5.98
1224,1996,12,0,0,60,20.2,7.86,40.7,0.097,7.54,4.5,11.5,,,,,0,65,Y,7.21
1224,2001,13,0,0,65,25.09,8.41,49.3,0.1173,8.08,5,12.5,,,,,0,65,Y,8.65
1225,1987,26,0,0,130,28.65,6.36,62.8,0.1496,6.23,4.5,9,,,,,0,200,Y,11.36
1225,1991,33,1,0,165,39.08,6.59,84.5,0.2012,6.44,4.5,9.6,,,,,10,210,Y,15.22
1225,1995,39,0,0,195,53.25,7.08,111.9,0.2665,6.89,4.5,10.5,,,,,10,205,Y,20.02
1227,1987,10,0,0,50,17.05,7.91,34.3,0.0817,7.55,4.5,12,,,,,0,50,Y,6.06
1227,1991,10,0,0,50,19.94,8.55,38.9,0.0926,8.22,5.2,12.6,,,,,0,50,Y,6.82
1227,1996,10,0,0,50,24.44,9.47,45.8,0.109,9.15,6,13.5,,,,,0,50,Y,7.94
1227,2001,10,0,0,50,29.19,10.35,52.8,0.1257,10.03,6.8,14.5,,,,,0,50,Y,9.07
1228,1987,37,0,0,185,39.89,6.29,87.9,0.2092,6.16,4.5,9,,,,,0,260,Y,15.91
1228,1991,45,0,0,225,53.84,6.62,116.2,0.2766,6.48,4.5,9.6,,,,,10,270,Y,20.92
1228,1995,52,0,0,260,72.45,7.15,151.7,0.3611,6.97,4.5,10.5,,,,,10,270,Y,27.1
1228,2001,54,0,0,270,98.48,8.18,195.5,0.4655,7.98,5,12,,,,,10,270,Y,34.44
1229,1991,3,0,0,15,2.27,5.27,5.4,0.0128,5.23,4.5,6,,,,,50,50,N,0.99
1230,1987,56,0,0,280,60.47,6.29,133.1,0.317,6.17,4.5,9.5,,,,,0,390,Y,24.11
1230,1991,67,0,0,335,80.86,6.65,174.2,0.4146,6.51,4.5,10.1,,,,,0,390,Y,31.35
1230,1995,78,0,0,390,109.14,7.16,228.3,0.5436,6.98,4.5,11.5,,,,,0,390,Y,40.78
1230,2001,31,0,0,155,60.47,8.46,118.5,0.282,8.24,5.5,13,,,,,0,155,Y,20.79
1231,1987,23,0,0,115,42.85,8.27,84.7,0.2017,8.14,6.4,12.4,48.9,50,,,0,115,Y,14.9
1231,1991,26,0,0,130,51.68,8.54,100.9,0.2401,8.41,5.8,13,50.9,52.5,,,65,130,Y,17.69
1231,1996,36,0,0,180,47.31,6.94,100.2,0.2386,6.66,4.7,13.8,42.2,44.4,,,0,180,Y,17.96
1232,1987,8,0,0,40,18.59,9.23,35.2,0.0838,9.05,7.2,13.2,40.9,43.4,,,0,40,N,6.12
1232,1991,26,2,2,130,41.32,7.63,84.3,0.2007,7.3,4.5,15.2,34.7,38.4,,,100,140,Y,14.95
1232,1996,12,0,0,60,20,7.82,40.4,0.0962,7.78,6.3,8.7,30.4,32.1,,,0,60,Y,7.15
1232,2001,27,0,0,135,33.05,6.7,71,0.169,6.45,4.5,10.3,32.8,36.9,,,0,135,Y,12.77
1234,1991,39,0,0,195,40.97,6.21,90.7,0.2159,6.01,4.5,9.9,29.3,32.1,,,190,200,Y,16.45
1234,2001,21,0,0,105,21.66,6.15,48.1,0.1146,6.07,4.5,8.3,33.5,35.2,,,15,105,Y,8.73
1235,1991,31,5,5,155,51.77,7.83,104.6,0.249,7.56,4.6,11.5,34.8,40.4,,,85,180,Y,18.51
1235,2001,20,0,0,100,42.94,8.87,82.5,0.1965,8.75,6.2,12,47.2,50.5,,,15,100,Y,14.42
1236,1991,3,0,0,15,7.83,9.78,14.5,0.0345,9.67,8.2,11.7,38.7,39.9,,,0,15,N,2.5
1236,1996,16,0,0,80,31.45,8.49,61.5,0.1464,8.35,5.5,11.7,37.6,40.5,,,0,80,Y,10.79
1236,2001,32,0,0,160,48.99,7.49,100.7,0.2397,7.12,4.5,13,33,43.7,,,15,160,Y,17.9
1237,1991,18,0,1,90,54.87,10.57,98.4,0.2343,10.31,5.7,14.3,42.3,44.9,,,15,90,Y,16.88
1237,1996,9,0,0,45,31.89,11.4,55.5,0.1322,11.11,5.7,13.8,47,46.9,,,0,45,N,9.45
1238,1991,9,0,0,45,16.41,8.18,32.6,0.0776,8.04,5.2,10.8,24.6,26.8,,,20,45,N,5.74
1238,1996,19,0,0,95,35.01,8.22,69.4,0.1651,8.07,4.5,11.5,26.3,28.5,,,0,95,Y,12.21
1239,1991,0,0,0,0,0,0,0,0,0,,,,,,NO_LIVE_TREES,0,0,N,0
1239,1996,15,0,0,75,16.99,6.45,37.1,0.0882,6.41,5.3,7.2,30.6,30.7,,,0,75,Y,6.69
1239,2001,29,0,0,145,78.31,9.95,143.9,0.3425,9.3,5.5,17.7,41.1,52.1,,,0,145,Y,24.83
1240,1991,2,0,0,10,3.74,8.28,7.4,0.0176,8.25,7.5,9,32,32,,,10,10,N,1.3
1240,1996,17,0,0,85,27.67,7.73,56.2,0.1337,7.54,4.5,12,34.2,35.9,,,0,85,Y,9.95
1240,2001,16,0,0,80,33.48,8.76,64.7,0.154,8.44,4.6,12.8,33.2,35.9,,,0,80,Y,11.31
1242,1991,5,0,0,25,8.83,8.05,17.6,0.042,7.92,5.3,9.5,,,,,0,25,N,3.11
1242,1996,33,0,0,165,69.18,8.77,133.6,0.3181,8.25,4.5,18.3,33.7,39,,,25,170,Y,23.36
1242,2001,5,0,0,25,7.53,7.43,15.5,0.037,7.4,6.8,8.4,42,39.1,,,0,25,N,2.76
1243,1991,23,0,0,115,32.4,7.19,67.7,0.1611,6.78,4.6,12.4,33.4,37.4,,,90,115,Y,12.09
1243,1996,26,0,0,130,38.49,7.37,79.6,0.1896,7.06,4.6,12.9,42.8,47.9,,,0,140,Y,14.18
1243,2001,32,0,0,160,48.55,7.46,99.9,0.238,7.28,4.7,10.4,49,50.8,,,35,170,Y,17.78
1244,1987,29,0,2,145,102.49,11.38,178.5,0.4251,11.13,7.4,16.9,38.4,42.7,,,0,145,Y,30.38
1244,1991,41,0,0,205,117.55,10.25,213.4,0.5081,9.71,4.5,17.2,34.5,43,,,65,205,Y,36.71
1244,1996,10,0,0,50,25.99,9.76,48.1,0.1145,9.52,5,12.4,38.4,43.3,,,0,50,Y,8.32
1244,2001,14,0,0,70,40.8,10.34,73.8,0.1758,9.89,4.7,15,41.8,47.2,,,0,70,Y,12.69
1245,1987,2,0,0,10,7.99,12.11,13.6,0.0324,12,10.4,13.6,,,,,0,10,N,2.3
1245,1991,17,0,0,85,26.66,7.58,54.5,0.1298,7.05,4.7,13.8,29.9,31,,,85,85,Y,9.68
1245,1996,33,0,0,165,47.96,7.3,99.6,0.2371,6.98,4.5,14.2,35,42.8,,,90,165,Y,17.75
1245,2001,63,0,0,315,78.88,6.78,168.7,0.4016,6.44,4.5,15.7,35.2,41.8,,,170,315,Y,30.3
1246,1987,5,0,0,25,10.53,8.79,20.3,0.0484,8.66,7.3,11.3,35.4,37.2,,,0,25,N,3.55
1246,1991,13,0,0,65,18.96,7.31,39.3,0.0937,7.05,4.6,11.4,26.5,30.2,,,40,65,Y,7.01
1246,1996,5,0,0,25,8.3,7.8,16.8,0.04,7.7,5.7,8.9,38,38,,,0,25,N,2.97
1246,2001,16,0,0,80,26.59,7.81,53.8,0.128,7.52,4.7,12.6,39.5,39.2,,,25,85,N,9.52
1247,1987,11,0,0,55,28.11,9.68,52.2,0.1243,9.32,7,15.1,38.3,46.7,,,0,55,Y,9.03
1247,1992,26,0,0,130,44.17,7.89,88.9,0.2117,7.44,4.7,15.4,30.2,39.9,,,80,130,Y,15.72
1247,1997,5,0,0,25,4.74,5.89,10.7,0.0255,5.82,5,7.6,23.6,24.4,,,0,25,N,1.95
1247,2002,17,0,0,85,38.57,9.12,73.3,0.1746,8.6,5.3,15.8,36,46.5,,,0,85,N,12.77
1248,1987,0,0,0,0,0,0,0,0,0,,,,,,NO_LIVE_TREES,0,0,N,0
1248,1992,0,0,0,0,0,0,0,0,0,,,,,,NO_LIVE_TREES,0,0,N,0
1248,1997,9,0,0,45,17.97,8.56,35,0.0834,8.39,5,11.7,35,40.5,,,0,45,N,6.14
1248,2002,14,0,0,70,25.15,8.12,50.1,0.1192,7.8,4.9,12.2,33.6,38.9,,,50,70,N,8.83
1250,1987,1,0,0,5,6.14,15,9.6,0.0228,15,15,15,,,,,0,5,N,1.58
1250,1991,10,0,0,50,38.32,11.85,65.7,0.1564,10.85,4.5,19.5,,,,,0,50,Y,11.13
1250,1996,28,0,7,140,118.89,12.48,199.7,0.4755,11.2,5.1,28,44.8,45.7,,,5,140,N,33.66
1251,1988,17,0,0,85,42.89,9.62,79.9,0.1901,9.39,7,14.7,40.9,43.7,,,0,85,Y,13.83
1251,1991,37,0,0,185,63.95,7.96,128.3,0.3055,7.5,4.5,15.2,38,43,,,115,185,Y,22.67
1251,1996,33,0,0,165,62.46,8.33,123.1,0.2931,7.76,4.5,18.2,117.1,109.6,,,0,170,Y,21.64
1251,2001,16,0,0,80,16.05,6.06,35.9,0.0854,5.92,4.5,8.4,37.4,46.5,,,0,80,Y,6.52
1252,1987,3,0,0,15,2.25,5.25,5.3,0.0127,5.23,4.8,5.7,,,,,0,20,N,0.98
1252,1991,13,0,0,65,14.48,6.39,31.7,0.0754,6.29,4.6,8.7,86.8,81.9,,,60,65,Y,5.73
1252,1996,27,0,0,135,51.85,8.39,101.9,0.2426,8.12,4.8,13.8,76.9,63.2,,,0,135,Y,17.9
1252,2001,67,0,0,335,96.48,7.27,200.7,0.4778,6.97,4.5,14.7,115.6,108,,,0,335,Y,35.79
1253,1987,17,0,0,85,33.17,8.46,65,0.1547,8.43,7.4,10.1,,,,,0,85,Y,11.4
1253,1991,32,0,0,160,55.47,7.97,111.2,0.2648,7.83,5,10.4,39.8,41.2,,,75,160,Y,19.64
1253,1996,35,0,0,175,61.15,8,122.4,0.2915,7.89,5.2,10.2,61.4,67.2,,,0,175,Y,21.61
1253,2001,21,0,0,105,48.57,9.21,92,0.219,9.03,4.9,12.8,96.2,91.9,,,0,105,Y,16
1259,1987,3,0,0,15,7.89,9.82,14.6,0.0347,9.73,8.4,11.5,28.3,30.1,,,0,15,N,2.52
1259,1992,5,0,0,25,11.76,9.29,22.2,0.0529,8.84,4.6,13.4,23.8,30.4,,,10,25,N,3.86
1259,1997,6,0,0,30,7.52,6.78,16.1,0.0383,6.55,4.6,9.3,31.5,30.3,,,5,30,N,2.89
1259,2002,5,0,0,25,11.37,9.13,21.6,0.0515,8.4,5,14.8,51,46.6,,,0,30,N,3.76
1260,1987,21,0,0,105,59.03,10.15,107.6,0.2562,9.75,7,16,32,33.1,,,0,105,Y,18.53
1260,1992,10,0,0,50,31.83,10.8,56.6,0.1348,10.23,7.4,19,37.2,37.7,,,0,50,N,9.68
1260,1997,19,0,0,95,69.98,11.62,120.9,0.2879,10.83,5.4,19.9,38.1,39.8,,,20,95,N,20.53
1261,1987,11,0,0,55,18.86,7.93,37.9,0.0902,7.82,7,11.8,47.5,50.2,,,0,55,Y,6.7
1261,1992,10,0,0,50,12.96,6.89,27.5,0.0655,6.42,4.7,12.7,37.8,41.1,,,45,50,N,4.94
1261,1997,33,0,0,165,36.4,6.36,79.8,0.19,6.18,4.5,9.7,31.1,35.1,,,0,165,N,14.43
1261,2002,42,0,0,210,44.32,6.22,98,0.2334,6.1,4.5,9.3,40.5,42.9,,,0,215,N,17.77
1262,1987,21,0,0,105,76.36,11.55,132.3,0.3149,11.08,7,17.9,37,40.2,,,0,105,Y,22.47
1262,1992,35,0,1,175,91.94,9.81,169.8,0.4043,9.11,4.8,18.3,33.3,38.7,,,80,175,Y,29.35
1262,1997,15,0,0,75,23.02,7.5,47.3,0.1126,7.29,5.5,12,28.5,29.7,,,0,75,N,8.41
1262,2002,18,0,0,90,35.18,8.47,68.9,0.164,8.16,4.8,12.5,33.3,34,,,0,90,N,12.09
1263,1987,14,0,0,70,71.86,13.72,116.3,0.2769,12.94,7,23.4,42.8,43.7,,,0,70,Y,19.4
1263,1992,13,0,0,65,74.43,14.49,117.9,0.2806,13.82,9.1,23.9,43.7,44.9,,,15,65,Y,19.55
1263,1997,15,0,0,75,44.89,10.48,80.8,0.1924,9.61,5.1,20.9,44,46.6,,,5,75,N,13.87
1263,2002,16,0,0,80,57.76,11.51,100.2,0.2386,10.18,4.5,24.2,38.8,46.1,,,0,85,N,17.03
1271,1987,0,0,0,0,0,0,0,0,0,,,,,,NO_LIVE_TREES,0,0,N,0
1271,1992,0,0,44,0,0,0,0,0,0,,,,,,NO_LIVE_TREES,0,0,N,0
1272,1987,5,0,0,25,14.94,10.47,26.9,0.0641,10.28,7,12.4,41,46.6,,,0,25,N,4.62
1272,1992,14,0,6,70,24.73,8.05,49.4,0.1176,7.69,4.6,13.2,27.4,35.1,,,50,70,Y,8.72
1272,1997,10,0,0,50,25.64,9.7,47.6,0.1133,9.44,6.7,14,37.2,43.4,,,0,50,Y,8.24
1272,2002,15,0,0,75,29.84,8.54,58.2,0.1386,8.15,4.8,14,31.7,39.8,,,0,75,Y,10.21
1273,1987,18,0,0,90,71.81,12.1,122.1,0.2908,11.14,7.6,25.8,33.1,32.2,,,0,90,Y,20.65
1273,1992,23,0,0,115,65.73,10.24,119.4,0.2843,9.33,5.2,25.9,28.7,33.6,,,40,115,Y,20.54
1273,1997,12,0,0,60,51.14,12.5,85.8,0.2044,11.64,8.5,25.9,37.9,37.4,,,0,60,Y,14.46
1273,2002,18,0,0,90,44.71,9.54,83.5,0.1988,9.19,5.3,13.4,31.6,36.5,,,0,90,Y,14.47
1274,1987,9,0,0,45,36.02,12.11,61.2,0.1458,11.66,7.3,16.4,31.6,36.1,,,0,45,N,10.35
1274,1992,22,0,1,110,47.3,8.88,90.9,0.2164,7.75,5,17,19.2,27.7,,,75,110,N,15.87
1274,1997,10,0,0,50,43.5,12.63,72.7,0.1732,11.96,6.3,17.8,29.8,35.6,,,0,50,N,12.24
1274,2002,17,0,0,85,17.03,6.06,38.1,0.0906,6,4.7,7.3,17.6,18.5,,,0,85,N,6.92
1275,1987,1,0,0,5,2.16,8.9,4.1,0.0099,8.9,8.9,8.9,20,20,,,0,5,N,0.72
1275,1992,26,0,0,130,25.77,6.03,57.7,0.1374,5.95,4.6,9.3,16.2,16.9,,,125,130,Y,10.5
1275,1997,23,0,0,115,24.77,6.28,54.6,0.1299,6.18,4.6,9.3,16.6,17.2,,,0,115,Y,9.88
1275,2002,30,0,0,150,31.09,6.16,69,0.1643,6.05,4.7,9.8,18,18.5,,,0,150,Y,12.52
1276,1987,2,2,2,10,7.21,11.5,12.5,0.0298,11.5,11.5,11.5,,,,,0,20,N,2.13
1276,1992,8,0,0,40,18.01,9.09,34.3,0.0817,8.78,4.8,11.5,36.6,38.7,,,0,40,N,5.98
1277,1987,7,0,0,35,19.21,10.03,35.2,0.0837,9.86,6.2,12.6,54.4,58.1,,,0,35,N,6.06
1277,1992,5,2,0,25,13.45,9.93,24.7,0.0589,9.72,6.2,12.6,51.6,56.4,,,0,35,N,4.27
1277,1997,5,0,0,25,13.45,9.93,24.7,0.0589,9.72,6.2,12.6,51.6,56.4,,,0,25,N,4.27
1277,2002,4,1,0,20,12.41,10.66,22.2,0.0528,10.6,9.6,12.6,59,59.3,,,0,25,N,3.8
1278,1987,14,0,0,70,27.67,8.51,54.1,0.1287,8.44,7,11.3,44.2,45.9,,,0,70,Y,9.48
1278,1992,19,0,0,95,32.05,7.87,64.6,0.1539,7.66,4.6,11.3,38.9,42.9,,,15,95,Y,11.43
1278,1997,26,0,0,130,45.24,7.99,90.7,0.2158,7.8,4.6,11.3,35.2,39.6,,,0,130,Y,16.01
1278,2002,18,0,0,90,27.48,7.48,56.5,0.1345,7.3,5,11.4,27.2,30.2,,,0,90,Y,10.05
1284,1987,24,0,0,120,68.31,10.22,124.2,0.2957,9.93,7,15.5,37.6,40.7,,,0,120,Y,21.37
1284,1991,34,0,0,170,88.11,9.75,163.2,0.3885,9.29,5.4,16.8,32.5,39.1,,,60,170,Y,28.22
1284,1996,24,1,0,120,78.63,10.96,139,0.331,10.56,5.6,16.8,37.4,41.5,,,0,125,Y,23.75
1284,2001,32,0,0,160,97.7,10.58,175.2,0.4171,9.98,4.6,18.9,36.8,41.1,,,10,160,Y,30.03
1285,1987,12,0,0,60,29.1,9.43,54.6,0.13,9.13,5.8,13.3,35.5,35.6,,,0,60,Y,9.48
1285,1991,25,0,0,125,44.18,8.05,88.3,0.2101,7.54,4.5,15.5,31.1,33.8,,,70,125,Y,15.57
1285,1996,28,0,0,140,52.64,8.3,103.9,0.2473,7.79,5,18.8,35,39.6,,,0,140,Y,18.27
1285,2001,12,0,0,60,9.84,5.48,22.9,0.0545,5.33,4.6,9.5,26,26.5,,,0,60,Y,4.2
1286,1987,18,0,0,90,41.78,9.23,79.1,0.1883,9.05,7.1,13.8,38.2,39,,,0,90,Y,13.76
1286,1991,24,0,0,120,51.08,8.83,98.3,0.2342,8.55,4.5,14.2,36.9,40,,,35,120,Y,17.19
1286,1996,32,0,0,160,54.67,7.91,109.9,0.2617,7.59,4.6,14.2,30.3,34.1,,,0,160,Y,19.43
1286,2001,24,0,0,120,55.7,9.22,105.4,0.251,8.95,5.6,14.7,37.1,37.1,,,0,120,Y,18.34
1287,1987,6,0,0,30,21.78,11.54,37.7,0.0898,11.52,11,13,35,35.4,,,0,30,N,6.41
1287,1991,7,0,0,35,29.07,12.34,49.1,0.1168,11.91,5.2,16,30.1,31.1,,,5,35,N,8.28
1287,1996,10,0,0,50,33.44,11.07,58.9,0.1402,10.67,5.2,14.9,33,36.9,,,0,50,Y,10.05
1287,2001,15,0,0,75,37.71,9.6,70.3,0.1673,8.82,4.5,16,29.4,38.4,,,0,75,Y,12.17
