PLOT,MEASYEAR,SPCD,SPECIES,N_LIVE,TPA,BA_FT2_AC,BA_PCT,QMD_IN
1100,1986,375,PB,4,20,3.11,100,5.34
1100,1990,12,BF,6,30,6.13,10.9,6.12
1100,1990,97,RS,6,30,9.95,17.7,7.8
1100,1990,371,YB,2,10,11.3,20.1,14.39
1100,1990,375,PB,25,125,23.51,41.9,5.87
1100,1990,999,UNK,4,20,5.23,9.3,6.92
1100,1995,12,BF,7,35,5.67,10,5.45
1100,1995,97,RS,6,30,10.96,19.3,8.18
1100,1995,371,YB,1,5,9.33,16.5,18.5
1100,1995,375,PB,28,140,26.04,45.9,5.84
1100,1995,999,UNK,3,15,4.67,8.2,7.56
1100,2000,12,BF,10,50,9.18,15.6,5.8
1100,2000,97,RS,5,25,10.3,17.5,8.69
1100,2000,371,YB,1,5,9.54,16.2,18.7
1100,2000,375,PB,25,125,25.82,43.8,6.15
1100,2000,999,UNK,2,10,4.08,6.9,8.65
1101,1986,12,BF,1,5,1.34,45.6,7
1101,1986,371,YB,1,5,0.74,25.2,5.2
1101,1986,544,BA,1,5,0.86,29.2,5.6
1101,1990,12,BF,9,45,17.76,19.5,8.51
1101,1990,97,RS,33,165,52.47,57.5,7.64
1101,1990,316,RM,1,5,0.98,1.1,6
1101,1990,371,YB,6,30,20.05,22,11.07
1101,1995,12,BF,6,30,11.3,13.2,8.31
1101,1995,97,RS,28,140,51.31,59.8,8.2
1101,1995,316,RM,1,5,1.15,1.3,6.5
1101,1995,371,YB,6,30,22.09,25.7,11.62
1101,2000,12,BF,3,15,6.2,7.3,8.71
1101,2000,97,RS,26,130,53.28,62.7,8.67
1101,2000,316,RM,1,5,1.37,1.6,7.1
1101,2000,371,YB,6,30,24.09,28.4,12.13
1102,1981,95,BS,1,5,0.98,25.7,6
1102,1981,97,RS,2,10,1.39,36.4,5.05
1102,1981,371,YB,1,5,1.45,38,7.3
1102,1990,12,BF,12,60,19.5,30.7,7.72
1102,1990,97,RS,4,20,9.35,14.7,9.26
1102,1990,371,YB,5,25,22.38,35.2,12.81
1102,1990,375,PB,6,30,9.2,14.5,7.5
1102,1990,999,UNK,2,10,3.09,4.9,7.53
1102,1995,12,BF,12,60,18.88,27.8,7.6
1102,1995,97,RS,4,20,10.46,15.4,9.79
1102,1995,371,YB,6,30,24.98,36.8,12.36
1102,1995,375,PB,6,30,10.34,15.2,7.95
1102,1995,999,UNK,2,10,3.19,4.7,7.64
1102,2000,12,BF,10,50,20.02,27.1,8.57
1102,2000,97,RS,4,20,11.93,16.1,10.46
1102,2000,371,YB,6,30,27.5,37.2,12.96
1102,2000,375,PB,5,25,10.44,14.1,8.75
1102,2000,999,UNK,3,15,3.98,5.4,6.97
1103,1995,999,UNK,3,15,2.45,100,5.47
1103,2000,371,YB,2,10,1.36,11.2,5
1103,2000,375,PB,1,5,0.55,4.6,4.5
1103,2000,999,UNK,13,65,10.22,84.2,5.37
1104,1986,95,BS,1,5,1.41,14.9,7.2
1104,1986,97,RS,2,10,1.36,14.4,5
1104,1986,371,YB,2,10,2.34,24.7,6.55
1104,1986,375,PB,2,10,2.83,29.8,7.2
1104,1986,544,BA,1,5,1.53,16.2,7.5
1104,1990,12,BF,7,35,6.06,11.3,5.64
1104,1990,97,RS,2,10,4.97,9.2,9.55
1104,1990,316,RM,3,15,4.79,8.9,7.65
1104,1990,371,YB,9,45,17.76,33,8.51
1104,1990,375,PB,10,50,20.28,37.6,8.62
1104,1995,12,BF,7,35,7.79,14.6,6.39
1104,1995,97,RS,2,10,5.56,10.4,10.1
1104,1995,316,RM,4,20,7.22,13.5,8.14
1104,1995,371,YB,8,40,16.22,30.3,8.62
1104,1995,375,PB,8,40,16.71,31.2,8.75
1104,2000,12,BF,7,35,9.1,17.9,6.91
1104,2000,97,RS,2,10,3.61,7.1,8.13
1104,2000,316,RM,4,20,9.22,18.1,9.19
1104,2000,371,YB,8,40,16.39,32.2,8.67
1104,2000,375,PB,7,35,11.88,23.3,7.89
1104,2000,999,UNK,1,5,0.77,1.5,5.3
1105,1986,12,BF,4,20,4.24,21.3,6.23
1105,1986,97,RS,18,90,15.66,78.7,5.65
1105,1990,12,BF,82,410,83.6,80.6,6.11
1105,1990,97,RS,14,70,17.72,17.1,6.81
1105,1990,999,UNK,4,20,2.44,2.3,4.73
1105,1995,12,BF,87,435,94.97,82.6,6.33
1105,1995,97,RS,14,70,19.28,16.8,7.11
1105,1995,999,UNK,1,5,0.77,0.7,5.3
1105,2000,12,BF,31,155,32.5,62.6,6.2
1105,2000,97,RS,13,65,19.42,37.4,7.4
1106,1986,12,BF,2,10,2.38,25.4,6.61
1106,1986,97,RS,4,20,4.88,52,6.69
1106,1986,371,YB,1,5,0.8,8.5,5.4
1106,1986,746,QA,1,5,1.34,14.2,7
1106,1990,12,BF,38,190,56.42,46.9,7.38
1106,1990,97,RS,7,35,13.54,11.2,8.42
1106,1990,241,CE,17,85,30.04,25,8.05
1106,1990,261,HM,4,20,5.99,5,7.41
1106,1990,316,RM,1,5,2.84,2.4,10.2
1106,1990,371,YB,3,15,3.83,3.2,6.84
1106,1990,375,PB,2,10,1.48,1.2,5.2
1106,1990,999,UNK,5,25,6.23,5.2,6.76
1106,1995,12,BF,25,125,37.53,36.1,7.42
1106,1995,95,BS,6,30,8.25,7.9,7.1
1106,1995,97,RS,1,5,6.64,6.4,15.6
1106,1995,241,CE,17,85,31.6,30.4,8.26
1106,1995,261,HM,4,20,6.66,6.4,7.81
1106,1995,316,RM,1,5,2.95,2.8,10.4
1106,1995,371,YB,4,20,5.39,5.2,7.03
1106,1995,375,PB,2,10,1.84,1.8,5.8
1106,1995,999,UNK,2,10,3.19,3.1,7.65
1106,2000,12,BF,17,85,26.8,28.4,7.6
1106,2000,95,BS,5,25,8.12,8.6,7.72
1106,2000,97,RS,1,5,7.16,7.6,16.2
1106,2000,241,CE,15,75,31.51,33.4,8.78
1106,2000,261,HM,4,20,7.15,7.6,8.1
1106,2000,316,RM,1,5,3.06,3.2,10.6
1106,2000,371,YB,4,20,5.39,5.7,7.03
1106,2000,375,PB,2,10,1.96,2.1,6
1106,2000,999,UNK,2,10,3.32,3.5,7.8
1107,1986,97,RS,1,5,0.68,4.9,5
1107,1986,371,YB,2,10,3.16,22.6,7.61
1107,1986,375,PB,9,45,10.13,72.5,6.42
1107,1990,12,BF,6,30,6.73,14.2,6.41
1107,1990,97,RS,4,20,3.67,7.7,5.8
1107,1990,371,YB,7,35,9.88,20.9,7.19
1107,1990,375,PB,22,110,27.09,57.2,6.72
1107,1995,12,BF,9,45,9.75,16.5,6.3
1107,1995,97,RS,4,20,3.99,6.7,6.05
1107,1995,371,YB,7,35,12.3,20.8,8.03
1107,1995,375,PB,25,125,32.61,55.1,6.92
1107,1995,999,UNK,1,5,0.55,0.9,4.5
1107,2000,12,BF,8,40,7.96,12.5,6.04
1107,2000,97,RS,4,20,4.32,6.8,6.29
1107,2000,371,YB,7,35,14.02,22,8.57
1107,2000,375,PB,26,130,36.85,57.8,7.21
1107,2000,999,UNK,1,5,0.58,0.9,4.6
1108,1986,371,YB,3,15,3.27,100,6.32
1108,1990,97,RS,1,5,1.97,14,8.5
1108,1990,261,HM,2,10,12.05,86,14.87
1108,1995,261,HM,2,10,13.35,100,15.65
1108,2000,12,BF,5,25,4.29,21.1,5.61
1108,2000,97,RS,1,5,1.41,6.9,7.2
1108,2000,261,HM,2,10,14.64,72,16.38
1109,1990,12,BF,11,55,18.77,31.6,7.91
1109,1990,97,RS,4,20,16.94,28.5,12.46
1109,1990,316,RM,1,5,3.24,5.5,10.9
1109,1990,371,YB,4,20,16.59,27.9,12.33
1109,1990,375,PB,4,20,3.91,6.6,5.99
1109,1995,12,BF,12,60,22.03,32.7,8.21
1109,1995,97,RS,4,20,19.26,28.6,13.29
1109,1995,316,RM,2,10,3.99,5.9,8.55
1109,1995,371,YB,4,20,17.17,25.5,12.55
1109,1995,375,PB,4,20,4.42,6.6,6.37
1109,1995,999,UNK,1,5,0.58,0.9,4.6
1109,2000,12,BF,11,55,18.61,27.5,7.88
1109,2000,97,RS,5,25,21.72,32.1,12.62
1109,2000,316,RM,2,10,4.07,6,8.64
1109,2000,371,YB,4,20,17.66,26.1,12.73
1109,2000,375,PB,4,20,4.87,7.2,6.68
1109,2000,999,UNK,1,5,0.63,0.9,4.8
1110,1990,371,Yellow birch,6,30,42.22,62.8,16.06
1110,1990,261,Hemlock,9,45,24.96,37.2,10.08
1110,1995,261,Hemlock,4,20,9.09,100,9.13
1110,2000,371,Yellow birch,7,35,19.52,44.3,10.11
1110,2000,261,Hemlock,8,40,17.41,39.5,8.93
1110,2000,316,Red maple,2,10,7.13,16.2,11.43
1111,1986,97,Red spruce,6,30,12.33,77.6,8.68
1111,1986,371,Yellow birch,1,5,2.06,13,8.7
1111,1986,12,Balsam fir,1,5,1.49,9.4,7.4
1111,1990,97,Red spruce,13,65,20.6,78.1,7.62
1111,1990,12,Balsam fir,3,15,3.55,13.5,6.59
1111,1990,371,Yellow birch,1,5,2.21,8.4,9
1111,1995,97,Red spruce,6,30,9.66,72.6,7.68
1111,1995,371,Yellow birch,1,5,2.31,17.4,9.2
1111,1995,12,Balsam fir,1,5,1.34,10,7
1111,2000,97,Red spruce,6,30,13.58,77.8,9.11
1111,2000,12,Balsam fir,3,15,3.87,22.2,6.88
1112,1986,97,Red spruce,5,25,11.35,51.8,9.12
1112,1986,375,Paper birch,4,20,7.68,35.1,8.39
1112,1986,12,Balsam fir,1,5,1.53,7,7.5
1112,1986,371,Yellow birch,1,5,1.34,6.1,7
1112,1990,97,Red spruce,8,40,15.45,51.1,8.42
1112,1990,375,Paper birch,5,25,9.05,29.9,8.15
1112,1990,12,Balsam fir,3,15,3.75,12.4,6.77
1112,1990,371,Yellow birch,1,5,1.3,4.3,6.9
1112,1990,316,Red maple,1,5,0.68,2.3,5
1112,1995,97,Red spruce,7,35,17.1,45,9.46
1112,1995,375,Paper birch,6,30,11.88,31.3,8.52
1112,1995,95,Black spruce,1,5,6.14,16.1,15
1112,1995,316,Red maple,1,5,2.11,5.6,8.8
1112,1995,371,Yellow birch,1,5,0.77,2,5.3
1112,2000,97,Red spruce,10,50,18.71,48,8.28
1112,2000,371,Yellow birch,5,25,7.23,18.5,7.28
1112,2000,375,Paper birch,5,25,6.7,17.2,7.01
1112,2000,12,Balsam fir,2,10,3.25,8.3,7.72
1112,2000,316,Red maple,1,5,3.12,8,10.7
1113,2000,97,Red spruce,1,5,0.44,100,4
1114,1986,261,Hemlock,6,30,37.7,49.6,15.18
1114,1986,371,Yellow birch,6,30,34.42,45.3,14.5
1114,1986,316,Red maple,1,5,3.93,5.2,12
1114,1990,261,Hemlock,11,55,44.79,51.9,12.22
1114,1990,371,Yellow birch,9,45,37.4,43.3,12.34
1114,1990,316,Red maple,1,5,4.19,4.9,12.4
1114,1995,261,Hemlock,10,50,42.52,63.7,12.49
1114,1995,371,Yellow birch,7,35,20.08,30.1,10.26
1114,1995,316,Red maple,1,5,4.19,6.3,12.4
1115,1986,261,Hemlock,11,55,34.16,100,10.67
1115,1990,261,Hemlock,21,105,50.47,86.2,9.39
1115,1990,371,Yellow birch,6,30,4.94,8.4,5.49
1115,1990,999,Unknown/Other,3,15,3.13,5.4,6.19
1115,1995,261,Hemlock,21,105,49.68,86.3,9.31
1115,1995,371,Yellow birch,6,30,4.94,8.6,5.49
1115,1995,999,Unknown/Other,3,15,2.95,5.1,6
1115,2000,261,Hemlock,20,100,52.37,91.3,9.8
1115,2000,371,Yellow birch,3,15,3.9,6.8,6.9
1115,2000,999,Unknown/Other,1,5,1.12,1.9,6.4
1116,1986,261,Hemlock,10,50,53.95,69.6,14.07
1116,1986,531,Am. beech,2,10,13.19,17,15.55
1116,1986,371,Yellow birch,2,10,10.37,13.4,13.79
1116,1990,261,Hemlock,13,65,62.39,69.3,13.27
1116,1990,531,Am. beech,3,15,14.25,15.8,13.2
1116,1990,371,Yellow birch,2,10,13.45,14.9,15.7
1116,1995,261,Hemlock,4,20,21.86,95.3,14.15
1116,1995,531,Am. beech,1,5,1.08,4.7,6.3
1116,2000,261,Hemlock,4,20,23.1,95.5,14.55
1116,2000,531,Am. beech,1,5,1.08,4.5,6.3
1117,1986,261,Hemlock,6,30,25.89,51.8,12.58
1117,1986,371,Yellow birch,3,15,13.33,26.7,12.76
1117,1986,531,Am. beech,2,10,10.72,21.5,14.02
1117,1990,261,Hemlock,24,120,48.72,61.2,8.63
1117,1990,371,Yellow birch,4,20,17.2,21.6,12.56
1117,1990,531,Am. beech,3,15,13.72,17.2,12.95
1117,1995,261,Hemlock,15,75,38.08,55.1,9.65
1117,1995,371,Yellow birch,4,20,17.2,24.9,12.56
1117,1995,531,Am. beech,3,15,13.85,20,13.01
1117,2000,261,Hemlock,12,60,40.88,54.8,11.18
1117,2000,371,Yellow birch,4,20,19.53,26.2,13.38
1117,2000,531,Am. beech,3,15,14.18,19,13.17
1118,1990,316,Red maple,8,40,22.51,77.1,10.16
1118,1990,97,Red spruce,2,10,2.82,9.6,7.18
1118,1990,261,Hemlock,2,10,2.22,7.6,6.38
1118,1990,12,Balsam fir,1,5,0.92,3.1,5.8
1118,1990,371,Yellow birch,1,5,0.74,2.5,5.2
1118,1995,316,Red maple,15,75,38.99,66.1,9.76
1118,1995,261,Hemlock,4,20,8.24,14,8.69
1118,1995,97,Red spruce,4,20,7.69,13,8.39
1118,1995,12,Balsam fir,3,15,2.45,4.2,5.47
1118,1995,371,Yellow birch,2,10,1.65,2.8,5.51
1118,2000,316,Red maple,11,55,31.48,74.5,10.24
1118,2000,261,Hemlock,5,25,9.58,22.7,8.38
1118,2000,97,Red spruce,2,10,1.2,2.9,4.7
1119,1986,261,Hemlock,9,45,18.83,68.9,8.76
1119,1986,371,Yellow birch,3,15,6.69,24.5,9.05
1119,1986,316,Red maple,1,5,1.79,6.6,8.1
1119,1990,261,Hemlock,15,75,27.43,72.1,8.19
1119,1990,371,Yellow birch,4,20,8.73,22.9,8.94
1119,1990,316,Red maple,1,5,1.88,4.9,8.3
1119,1995,261,Hemlock,13,65,28.36,70.2,8.94
1119,1995,371,Yellow birch,4,20,8.26,20.4,8.7
1119,1995,999,Unknown/Other,4,20,3.14,7.8,5.36
1119,1995,531,Am. beech,1,5,0.65,1.6,4.9
1119,2000,261,Hemlock,13,65,27.56,69.3,8.82
1119,2000,371,Yellow birch,4,20,10.44,26.3,9.79
1119,2000,999,Unknown/Other,1,5,1.12,2.8,6.4
1119,2000,531,Am. beech,1,5,0.65,1.6,4.9
1120,1986,97,Red spruce,1,5,0.11,100,2
1120,1990,97,Red spruce,2,10,1.59,100,5.4
1120,1995,371,Yellow birch,3,15,8.67,79,10.29
1120,1995,97,Red spruce,2,10,2.3,21,6.5
1120,2000,371,Yellow birch,3,15,9.77,77.6,10.93
1120,2000,97,Red spruce,2,10,2.83,22.4,7.2
1121,1986,261,Hemlock,5,25,8.06,53.5,7.69
1121,1986,371,Yellow birch,3,15,7,46.5,9.25
1121,1990,261,Hemlock,5,25,9.4,50.7,8.3
1121,1990,371,Yellow birch,3,15,9.13,49.3,10.56
1121,1995,261,Hemlock,6,30,17.04,61.8,10.21
1121,1995,371,Yellow birch,3,15,10.54,38.2,11.35
1121,2000,261,Hemlock,6,30,18.32,61,10.58
1121,2000,371,Yellow birch,3,15,11.73,39,11.98
1122,1986,261,Hemlock,7,35,8.63,61.9,6.72
1122,1986,371,Yellow birch,3,15,5.31,38.1,8.06
1122,1990,261,Hemlock,7,35,10.22,62.1,7.32
1122,1990,371,Yellow birch,3,15,6.24,37.9,8.73
1122,1995,261,Hemlock,7,35,12.01,58.7,7.93
1122,1995,371,Yellow birch,3,15,7.15,34.9,9.35
1122,1995,97,Red spruce,2,10,1.31,6.4,4.9
1122,2000,261,Hemlock,7,35,14.13,59,8.6
1122,2000,371,Yellow birch,3,15,8.23,34.4,10.03
1122,2000,97,Red spruce,2,10,1.59,6.6,5.4
1123,1986,316,Red maple,7,35,14.02,79.1,8.57
1123,1986,97,Red spruce,1,5,2.21,12.5,9
1123,1986,531,Am. beech,1,5,1.49,8.4,7.4
1123,1990,316,Red maple,7,35,18.37,78.4,9.81
1123,1990,97,Red spruce,1,5,3.01,12.8,10.5
1123,1990,531,Am. beech,1,5,2.06,8.8,8.7
1123,1995,316,Red maple,7,35,18.01,80.9,9.71
1123,1995,97,Red spruce,1,5,3.3,14.8,11
1123,1995,261,Hemlock,1,5,0.95,4.3,5.9
1123,2000,316,Red maple,15,75,29.53,83.7,8.5
1123,2000,97,Red spruce,2,10,5.74,16.3,10.26
1124,1986,375,Paper birch,5,25,5.79,100,6.51
1124,1990,375,Paper birch,6,30,8.43,100,7.18
1124,1995,375,Paper birch,5,25,7.59,100,7.46
1124,2000,375,Paper birch,4,20,4.26,100,6.25
1125,1990,316,Red maple,2,10,6.31,100,10.76
1126,1986,371,Yellow birch,3,15,10.91,54.9,11.55
1126,1986,97,Red spruce,3,15,6.67,33.6,9.03
1126,1986,261,Hemlock,4,20,2.29,11.5,4.58
1126,1990,371,Yellow birch,3,15,12.44,46.6,12.33
1126,1990,97,Red spruce,3,15,7.6,28.5,9.64
1126,1990,261,Hemlock,6,30,5.98,22.4,6.04
1126,1990,95,Black spruce,1,5,0.68,2.6,5
1126,1995,371,Yellow birch,3,15,13.68,52,12.93
1126,1995,97,Red spruce,2,10,10.81,41,14.08
1126,1995,999,Unknown/Other,1,5,1.19,4.5,6.6
1126,1995,261,Hemlock,1,5,0.65,2.5,4.9
1126,2000,371,Yellow birch,3,15,12.97,48.1,12.59
1126,2000,261,Hemlock,5,25,7.82,29,7.57
1126,2000,97,Red spruce,2,10,3.71,13.8,8.25
1126,2000,999,Unknown/Other,1,5,2.46,9.1,9.5
1127,1986,97,Red spruce,6,30,11.87,68.1,8.52
1127,1986,375,Paper birch,1,5,2.67,15.3,9.9
1127,1986,371,Yellow birch,1,5,2.46,14.1,9.5
1127,1986,316,Red maple,1,5,0.44,2.5,4
1127,1990,97,Red spruce,6,30,15.53,82.1,9.74
1127,1990,375,Paper birch,1,5,2.67,14.1,9.9
1127,1990,316,Red maple,1,5,0.71,3.8,5.1
1127,1995,97,Red spruce,8,40,17.79,65.9,9.03
1127,1995,12,Balsam fir,4,20,5.81,21.5,7.3
1127,1995,375,Paper birch,1,5,2.67,9.9,9.9
1127,1995,316,Red maple,1,5,0.71,2.6,5.1
1128,1989,371,Yellow birch,3,15,10.2,54.1,11.16
1128,1989,261,Hemlock,1,5,6.81,36.1,15.8
1128,1989,97,Red spruce,1,5,1.83,9.7,8.2
1128,1994,97,Red spruce,1,5,7.7,100,16.8
1128,1999,97,Red spruce,5,25,18.17,74.9,11.54
1128,1999,371,Yellow birch,2,10,2.44,10,6.68
1128,1999,261,Hemlock,1,5,1.92,7.9,8.4
1128,1999,95,Black spruce,1,5,0.98,4,6
1128,1999,375,Paper birch,1,5,0.74,3,5.2
1129,1986,12,Balsam fir,13,65,43.77,51.8,11.11
1129,1986,375,Paper birch,7,35,32.69,38.7,13.09
1129,1986,97,Red spruce,3,15,8.09,9.6,9.94
1130,1986,371,Yellow birch,14,70,45.6,68.5,10.93
1130,1986,12,Balsam fir,3,15,8.81,13.2,10.38
1130,1986,261,Hemlock,2,10,7.26,10.9,11.54
1130,1986,97,Red spruce,2,10,4.87,7.3,9.45
1130,1989,371,Yellow birch,14,70,45.69,69.1,10.94
1130,1989,12,Balsam fir,3,15,8.31,12.6,10.08
1130,1989,261,Hemlock,2,10,7.26,11,11.54
1130,1989,97,Red spruce,2,10,4.88,7.4,9.46
1130,1994,371,Yellow birch,7,35,39.77,68.3,14.43
1130,1994,12,Balsam fir,2,10,12,20.6,14.83
1130,1994,261,Hemlock,1,5,6.47,11.1,15.4
1130,1999,371,Yellow birch,7,35,23.95,48.6,11.2
1130,1999,261,Hemlock,2,10,11.3,22.9,14.39
1130,1999,97,Red spruce,4,20,9.2,18.7,9.18
1130,1999,375,Paper birch,1,5,2.46,5,9.5
1130,1999,12,Balsam fir,1,5,2.36,4.8,9.3
1131,1989,371,Yellow birch,2,10,3.37,100,7.86
1131,1999,12,Balsam fir,6,30,5.38,100,5.73
1132,1986,12,Balsam fir,2,10,2.56,100,6.85
1132,1994,375,Paper birch,1,5,2.11,100,8.8
1132,1999,12,Balsam fir,1,5,0.86,100,5.6
1133,1986,12,Balsam fir,7,35,10.2,43.8,7.31
1133,1986,375,Paper birch,3,15,7.94,34.1,9.85
1133,1986,97,Red spruce,3,15,5.13,22,7.92
1133,1989,12,Balsam fir,6,30,10.6,43.1,8.05
1133,1989,97,Red spruce,4,20,7.19,29.2,8.12
1133,1989,375,Paper birch,2,10,6.8,27.7,11.17
1133,1994,12,Balsam fir,11,55,15.25,45.2,7.13
1133,1994,375,Paper birch,3,15,10.35,30.7,11.25
1133,1994,97,Red spruce,4,20,8.14,24.1,8.64
1133,1999,12,Balsam fir,19,95,28.45,67.2,7.41
1133,1999,97,Red spruce,3,15,9.37,22.1,10.7
1133,1999,375,Paper birch,2,10,4.5,10.6,9.08
1134,1986,12,Balsam fir,8,40,11.04,39.7,7.11
1134,1986,371,Yellow birch,4,20,10.65,38.3,9.88
1134,1986,97,Red spruce,1,5,3.3,11.9,11
1134,1986,375,Paper birch,2,10,2.8,10.1,7.17
1134,1989,12,Balsam fir,7,35,12.49,42.6,8.09
1134,1989,371,Yellow birch,4,20,11.54,39.3,10.28
1134,1989,97,Red spruce,1,5,2.73,9.3,10
1134,1989,375,Paper birch,1,5,2.57,8.8,9.7
1134,1994,371,Yellow birch,1,5,19.15,50.4,26.5
1134,1994,375,Paper birch,2,10,8.04,21.1,12.14
1134,1994,12,Balsam fir,2,10,6.36,16.7,10.8
1134,1994,97,Red spruce,1,5,4.47,11.8,12.8
1134,1999,371,Yellow birch,5,25,16.02,50.4,10.84
1134,1999,12,Balsam fir,9,45,12.12,38.1,7.03
1134,1999,375,Paper birch,2,10,3.63,11.4,8.16
1150,1989,12,Balsam fir,21,105,26.55,81.8,6.81
1150,1989,97,Red spruce,3,15,4.69,14.4,7.57
1150,1989,375,Paper birch,2,10,1.23,3.8,4.75
1150,1994,12,Balsam fir,24,120,32.5,72.5,7.05
1150,1994,97,Red spruce,9,45,10.82,24.1,6.64
1150,1994,375,Paper birch,2,10,1.5,3.4,5.25
1150,1999,12,Balsam fir,17,85,24.33,63.3,7.24
1150,1999,97,Red spruce,8,40,13.1,34.1,7.75
1150,1999,375,Paper birch,1,5,1.01,2.6,6.1
1151,1989,97,Red spruce,3,15,4.47,44.4,7.39
1151,1989,375,Paper birch,4,20,2.92,29,5.18
1151,1989,12,Balsam fir,3,15,2.68,26.6,5.73
1151,1994,375,Paper birch,8,40,6.85,27.3,5.6
1151,1994,371,Yellow birch,1,5,6.64,26.4,15.6
1151,1994,97,Red spruce,4,20,5.9,23.5,7.36
1151,1994,12,Balsam fir,4,20,5.72,22.8,7.24
1151,1999,371,Yellow birch,2,10,10.13,36.8,13.63
1151,1999,12,Balsam fir,5,25,6.69,24.3,7
1151,1999,97,Red spruce,3,15,5.76,20.9,8.39
1151,1999,375,Paper birch,3,15,3.23,11.7,6.28
1151,1999,999,Unknown/Other,1,5,1.75,6.3,8
1154,1989,12,Balsam fir,8,40,8.79,63.8,6.35
1154,1989,97,Red spruce,3,15,4.98,36.2,7.8
1154,1994,12,Balsam fir,19,95,34.56,69.5,8.17
1154,1994,97,Red spruce,4,20,14.54,29.2,11.55
1154,1994,375,Paper birch,1,5,0.63,1.3,4.8
1154,1999,12,Balsam fir,20,100,34.09,61.7,7.91
1154,1999,97,Red spruce,9,45,18.17,32.9,8.6
1154,1999,375,Paper birch,5,25,2.97,5.4,4.66
1135,1999,97,Red spruce,3,15,14.11,84.7,13.13
1135,1999,12,Balsam fir,2,10,1.31,7.9,4.9
1135,1999,531,Am. beech,2,10,1.25,7.5,4.78
1136,1989,97,Red spruce,2,10,2.78,55.7,7.13
1136,1989,12,Balsam fir,1,5,2.21,44.3,9
1136,1994,97,Red spruce,2,10,24.02,81.2,20.98
1136,1994,12,Balsam fir,4,20,5.55,18.8,7.13
1136,1999,12,Balsam fir,22,110,64.86,77.3,10.4
1136,1999,97,Red spruce,9,45,16.98,20.2,8.32
1136,1999,371,Yellow birch,1,5,2.11,2.5,8.8
1137,1989,12,Balsam fir,1,5,21.23,55.9,27.9
1137,1989,375,Paper birch,5,25,13.43,35.3,9.92
1137,1989,97,Red spruce,2,10,2.71,7.1,7.05
1137,1989,531,Am. beech,1,5,0.63,1.7,4.8
1137,1994,375,Paper birch,3,15,7.92,100,9.84
1137,1999,12,Balsam fir,3,15,2.39,77.8,5.4
1137,1999,375,Paper birch,1,5,0.68,22.2,5
1138,1989,371,Yellow birch,4,20,24.55,100,15
1138,1999,12,Balsam fir,3,15,1.81,78.2,4.71
1138,1999,375,Paper birch,1,5,0.5,21.8,4.3
1139,1986,371,Yellow birch,22,110,66.7,63.3,10.54
1139,1986,261,Hemlock,9,45,20.91,19.8,9.23
1139,1986,316,Red maple,9,45,10.51,10,6.54
1139,1986,97,Red spruce,3,15,3.55,3.4,6.59
1139,1986,318,Sugar maple,2,10,2.78,2.6,7.13
1139,1986,12,Balsam fir,1,5,0.92,0.9,5.8
1139,1990,371,Yellow birch,22,110,73.66,63.1,11.08
1139,1990,261,Hemlock,9,45,23.08,19.8,9.7
1139,1990,316,Red maple,9,45,11.79,10.1,6.93
1139,1990,97,Red spruce,3,15,3.99,3.4,6.98
1139,1990,318,Sugar maple,2,10,3.09,2.7,7.53
1139,1990,12,Balsam fir,1,5,1.05,0.9,6.2
1139,1995,371,Yellow birch,22,110,82.52,62.6,11.73
1139,1995,261,Hemlock,9,45,26.09,19.8,10.31
1139,1995,316,Red maple,9,45,13.74,10.4,7.48
1139,1995,97,Red spruce,3,15,4.7,3.6,7.58
1139,1995,318,Sugar maple,2,10,3.61,2.7,8.13
1139,1995,12,Balsam fir,1,5,1.26,1,6.8
1140,1990,12,Balsam fir,5,25,19.53,25,11.97
1140,1990,316,Red maple,8,40,17.25,22.1,8.89
1140,1990,261,Hemlock,1,5,14.43,18.4,23
1140,1990,371,Yellow birch,6,30,13.39,17.1,9.05
1140,1990,375,Paper birch,1,5,5.35,6.8,14
1140,1990,97,Red spruce,3,15,4.94,6.3,7.77
1140,1990,999,Unknown/Other,2,10,3.32,4.2,7.8
1140,1995,316,Red maple,19,95,47.66,40.6,9.59
1140,1995,371,Yellow birch,10,50,22.81,19.4,9.15
1140,1995,12,Balsam fir,7,35,18.8,16,9.92
1140,1995,261,Hemlock,1,5,14.43,12.3,23
1140,1995,375,Paper birch,1,5,5.35,4.6,14
1140,1995,97,Red spruce,3,15,4.94,4.2,7.77
1140,1995,999,Unknown/Other,2,10,3.32,2.8,7.8
1141,1990,261,Hemlock,3,15,18.08,74.3,14.86
1141,1990,531,Am. beech,1,5,2.62,10.8,9.8
1141,1990,97,Red spruce,1,5,1.97,8.1,8.5
1141,1990,12,Balsam fir,1,5,1.66,6.8,7.8
1141,2000,97,Red spruce,3,15,4.89,54.2,7.73
1141,2000,12,Balsam fir,2,10,2.69,29.8,7.02
1141,2000,371,Yellow birch,1,5,1.45,16.1,7.3
1142,1986,316,Red maple,11,55,24,54,8.95
1142,1986,261,Hemlock,5,25,14.08,31.7,10.16
1142,1986,531,Am. beech,2,10,4.98,11.2,9.56
1142,1986,12,Balsam fir,1,5,1.41,3.2,7.2
1142,1990,316,Red maple,10,50,26.3,57.4,9.82
1142,1990,261,Hemlock,5,25,16.17,35.3,10.89
1142,1990,12,Balsam fir,1,5,1.7,3.7,7.9
1142,1990,531,Am. beech,1,5,1.62,3.5,7.7
1142,1995,316,Red maple,11,55,28,58.2,9.66
1142,1995,261,Hemlock,6,30,17.71,36.8,10.4
1142,1995,97,Red spruce,1,5,1.34,2.8,7
1142,1995,12,Balsam fir,1,5,1.05,2.2,6.2
1142,2000,261,Hemlock,1,5,6.98,68.7,16
1142,2000,316,Red maple,1,5,3.18,31.3,10.8
1143,1986,97,Red spruce,6,30,14.36,68.9,9.37
1143,1986,375,Paper birch,2,10,3.36,16.1,7.85
1143,1986,12,Balsam fir,1,5,3.12,15,10.7
1143,1990,97,Red spruce,3,15,7.34,68,9.47
1143,1990,375,Paper birch,2,10,3.45,32,7.95
1143,1995,97,Red spruce,2,10,5.18,41.2,9.75
1143,1995,12,Balsam fir,4,20,4.91,38.9,6.71
1143,1995,531,Am. beech,1,5,1.88,14.9,8.3
1143,1995,375,Paper birch,1,5,0.63,5,4.8
1143,2000,97,Red spruce,5,25,8.94,37.5,8.1
1143,2000,12,Balsam fir,6,30,7.7,32.3,6.86
1143,2000,95,Black spruce,2,10,4.4,18.5,8.98
1143,2000,531,Am. beech,1,5,1.88,7.9,8.3
1143,2000,375,Paper birch,1,5,0.92,3.8,5.8
1145,1986,12,Balsam fir,2,10,1.61,100,5.43
1145,1990,12,Balsam fir,1,5,1.34,100,7
1146,1986,97,Red spruce,17,85,57.44,70.1,11.13
1146,1986,12,Balsam fir,8,40,17.95,21.9,9.07
1146,1986,371,Yellow birch,2,10,5.55,6.8,10.09
1146,1986,375,Paper birch,1,5,1.01,1.2,6.1
1146,1990,97,Red spruce,20,100,61.54,67,10.62
1146,1990,12,Balsam fir,11,55,22.7,24.7,8.7
1146,1990,371,Yellow birch,3,15,6.62,7.2,8.99
1146,1990,375,Paper birch,1,5,1.05,1.1,6.2
1146,1995,97,Red spruce,18,90,60.01,65.2,11.06
1146,1995,12,Balsam fir,10,50,24.16,26.2,9.41
1146,1995,371,Yellow birch,3,15,6.82,7.4,9.13
1146,1995,375,Paper birch,1,5,1.08,1.2,6.3
1148,1999,97,Red spruce,7,35,6.18,61.8,5.69
1148,1999,12,Balsam fir,2,10,2.66,26.5,6.98
1148,1999,999,Unknown/Other,2,10,1.17,11.7,4.63
1149,1986,261,Hemlock,13,65,34.39,100,9.85
1149,1989,261,Hemlock,11,55,35.07,100,10.81
1149,1994,261,Hemlock,1,5,6.55,71.8,15.5
1149,1994,97,Red spruce,2,10,1.62,17.8,5.46
1149,1994,12,Balsam fir,1,5,0.95,10.4,5.9
1155,1989,97,Red spruce,1,5,3.67,57.4,11.6
1155,1989,371,Yellow birch,1,5,2.73,42.6,10
1155,1994,97,Red spruce,4,20,14.98,56.5,11.72
1155,1994,371,Yellow birch,2,10,10.48,39.5,13.86
1155,1994,12,Balsam fir,1,5,1.05,4,6.2
1155,1999,371,Yellow birch,3,15,20.78,46.6,15.94
1155,1999,12,Balsam fir,4,20,12.49,28,10.7
1155,1999,97,Red spruce,4,20,7.24,16.2,8.14
1155,1999,375,Paper birch,2,10,4.04,9.1,8.6
1156,1989,999,Unknown/Other,2,10,9.27,55.8,13.04
1156,1989,12,Balsam fir,1,5,7.33,44.2,16.4
1156,1999,371,Yellow birch,1,5,5.73,36.1,14.5
1156,1999,97,Red spruce,1,5,5.35,33.7,14
1156,1999,12,Balsam fir,3,15,3.05,19.2,6.11
1156,1999,375,Paper birch,1,5,1.75,11,8
1157,1986,999,Unknown/Other,2,10,2.54,100,6.82
1157,1989,999,Unknown/Other,4,20,17.91,80.3,12.81
1157,1989,97,Red spruce,1,5,2.78,12.5,10.1
1157,1989,12,Balsam fir,1,5,1.62,7.2,7.7
1157,1994,371,Yellow birch,2,10,15.45,77.4,16.83
1157,1994,12,Balsam fir,1,5,2.02,10.1,8.6
1157,1994,999,Unknown/Other,1,5,1.34,6.7,7
1157,1994,97,Red spruce,1,5,1.15,5.8,6.5
1157,1999,371,Yellow birch,3,15,11.81,56.7,12.02
1157,1999,12,Balsam fir,3,15,5.99,28.7,8.56
1157,1999,531,Am. beech,1,5,2.06,9.9,8.7
1157,1999,97,Red spruce,1,5,0.98,4.7,6
1158,1986,999,Unknown/Other,1,5,1.34,100,7
1158,1994,371,Yellow birch,3,15,8.39,41.1,10.13
1158,1994,12,Balsam fir,4,20,6.14,30,7.5
1158,1994,375,Paper birch,1,5,4.33,21.2,12.6
1158,1994,97,Red spruce,1,5,1.58,7.7,7.6
1158,1999,97,Red spruce,2,10,11,34.1,14.2
1158,1999,371,Yellow birch,3,15,10.77,33.3,11.47
1158,1999,12,Balsam fir,3,15,5.7,17.7,8.35
1158,1999,375,Paper birch,1,5,4.82,14.9,13.3
1159,1986,999,Unknown/Other,2,10,3.08,100,7.52
1159,1989,12,Balsam fir,6,30,10.47,66.9,8
1159,1989,97,Red spruce,2,10,5.19,33.1,9.76
1159,1994,999,Unknown/Other,1,5,1.62,100,7.7
1159,1999,97,Red spruce,1,5,3.61,46.6,11.5
1159,1999,371,Yellow birch,2,10,2.6,33.6,6.9
1159,1999,375,Paper birch,1,5,1.53,19.8,7.5
1160,1986,97,Red spruce,4,20,7.18,45,8.11
1160,1986,12,Balsam fir,2,10,3.58,22.4,8.1
1160,1986,371,Yellow birch,1,5,3.24,20.3,10.9
1160,1986,999,Unknown/Other,1,5,1.97,12.3,8.5
1160,1989,97,Red spruce,2,10,6.56,41,10.96
1160,1989,371,Yellow birch,1,5,4.47,27.9,12.8
1160,1989,12,Balsam fir,1,5,2.62,16.4,9.8
1160,1989,999,Unknown/Other,1,5,2.36,14.7,9.3
1160,1994,97,Red spruce,1,5,2.62,100,9.8
1162,1986,97,Red spruce,2,10,3.87,64.7,8.42
1162,1986,12,Balsam fir,1,5,2.11,35.3,8.8
1162,1989,371,Yellow birch,1,5,6.47,53.5,15.4
1162,1989,97,Red spruce,2,10,3.8,31.4,8.34
1162,1989,999,Unknown/Other,1,5,1.83,15.2,8.2
1162,1994,97,Red spruce,4,20,12.88,66.2,10.87
1162,1994,371,Yellow birch,1,5,4.33,22.3,12.6
1162,1994,12,Balsam fir,2,10,1.26,6.5,4.81
1162,1994,375,Paper birch,1,5,0.98,5,6
1162,1999,97,Red spruce,11,55,27.1,80.1,9.5
1162,1999,375,Paper birch,3,15,2.91,8.6,5.96
1162,1999,371,Yellow birch,1,5,2.36,7,9.3
1162,1999,999,Unknown/Other,1,5,1.45,4.3,7.3
1163,1995,97,Red spruce,20,100,33.21,100,7.8
1163,2000,97,Red spruce,38,190,60.88,100,7.66
1164,1986,371,Yellow birch,1,5,7.25,62.9,16.3
1164,1986,261,Hemlock,1,5,3.3,28.6,11
1164,1986,999,Unknown/Other,1,5,0.98,8.5,6
1164,1995,371,Yellow birch,2,10,7.23,72.6,11.51
1164,1995,97,Red spruce,1,5,2.73,27.4,10
1170,1995,97,Red spruce,23,115,56.44,100,9.49
1170,2000,97,Red spruce,24,120,64.01,92.7,9.89
1170,2000,12,Balsam fir,8,40,5.03,7.3,4.8
1171,1989,97,Red spruce,14,70,29.45,59.5,8.78
1171,1989,371,Yellow birch,4,20,7.79,15.7,8.45
1171,1989,12,Balsam fir,5,25,6.61,13.4,6.96
1171,1989,316,Red maple,2,10,2.98,6,7.39
1171,1989,375,Paper birch,2,10,2.67,5.4,7
1171,1994,97,Red spruce,8,40,19.75,51.4,9.51
1171,1994,371,Yellow birch,4,20,8.05,20.9,8.59
1171,1994,316,Red maple,2,10,4.68,12.2,9.27
1171,1994,261,Hemlock,2,10,1.94,5,5.96
1171,1994,12,Balsam fir,2,10,1.62,4.2,5.45
1171,1994,375,Paper birch,1,5,1.49,3.9,7.4
1171,1994,531,Am. beech,1,5,0.92,2.4,5.8
1171,1999,97,Red spruce,15,75,27.5,50.4,8.2
1171,1999,371,Yellow birch,7,35,10.16,18.6,7.29
1171,1999,316,Red maple,2,10,5,9.2,9.57
1171,1999,531,Am. beech,1,5,4.75,8.7,13.2
1171,1999,261,Hemlock,4,20,3.71,6.8,5.83
1171,1999,12,Balsam fir,3,15,2.33,4.3,5.34
1171,1999,375,Paper birch,1,5,1.15,2.1,6.5
1172,1989,12,Balsam fir,4,20,7.11,48.1,8.07
1172,1989,97,Red spruce,3,15,6.13,41.5,8.65
1172,1989,371,Yellow birch,1,5,1.53,10.4,7.5
1172,1994,97,Red spruce,18,90,54.54,56.1,10.54
1172,1994,12,Balsam fir,8,40,25.01,25.7,10.71
1172,1994,316,Red maple,3,15,8,8.2,9.89
1172,1994,375,Paper birch,5,25,5.9,6.1,6.58
1172,1994,371,Yellow birch,2,10,3.8,3.9,8.35
1173,1989,12,Balsam fir,1,5,2.21,52.9,9
1173,1989,97,Red spruce,1,5,1.97,47.1,8.5
1173,1994,97,Red spruce,7,35,12.48,37.5,8.09
1173,1994,12,Balsam fir,5,25,9.74,29.2,8.45
1173,1994,261,Hemlock,3,15,4.49,13.5,7.41
1173,1994,375,Paper birch,4,20,3.24,9.7,5.45
1173,1994,531,Am. beech,1,5,2.21,6.6,9
1173,1994,371,Yellow birch,2,10,1.13,3.4,4.55
1173,1999,97,Red spruce,15,75,27.46,49.6,8.19
1173,1999,261,Hemlock,7,35,14.85,26.8,8.82
1173,1999,375,Paper birch,6,30,6.98,12.6,6.53
1173,1999,371,Yellow birch,7,35,6.11,11,5.66
1174,1989,97,Red spruce,13,65,29.3,71.6,9.09
1174,1989,12,Balsam fir,6,30,6.87,16.8,6.48
1174,1989,375,Paper birch,2,10,2.66,6.5,6.99
1174,1989,371,Yellow birch,2,10,2.1,5.1,6.2
1174,1994,97,Red spruce,11,55,26.46,70.9,9.39
1174,1994,12,Balsam fir,7,35,6.42,17.2,5.8
1174,1994,531,Am. beech,1,5,2.62,7,9.8
1174,1994,375,Paper birch,1,5,1.01,2.7,6.1
1174,1994,371,Yellow birch,1,5,0.8,2.1,5.4
1165,1990,371,Yellow birch,3,15,21.1,38.6,16.06
1165,1990,97,Red spruce,10,50,20.77,38,8.73
1165,1990,12,Balsam fir,5,25,7.3,13.4,7.31
1165,1990,316,Red maple,2,10,5.45,10,10
1165,1995,371,Yellow birch,3,15,21.1,38.6,16.06
1165,1995,97,Red spruce,10,50,20.77,38,8.73
1165,1995,12,Balsam fir,5,25,7.3,13.4,7.31
1165,1995,316,Red maple,2,10,5.45,10,10
1165,2000,97,Red spruce,9,45,25.36,44.1,10.16
1165,2000,371,Yellow birch,2,10,19.1,33.2,18.71
1165,2000,12,Balsam fir,5,25,7.65,13.3,7.49
1165,2000,316,Red maple,2,10,5.45,9.5,10
1166,1990,241,N. white cedar,5,25,62.52,54,21.41
1166,1990,261,Hemlock,4,20,14.48,12.5,11.52
1166,1990,371,Yellow birch,3,15,10.86,9.4,11.52
1166,1990,12,Balsam fir,7,35,10.24,8.9,7.32
1166,1990,91,White spruce,3,15,9.91,8.6,11.01
1166,1990,316,Red maple,1,5,3.54,3.1,11.4
1166,1990,541,White ash,1,5,2.11,1.8,8.8
1166,1990,97,Red spruce,1,5,2.02,1.7,8.6
1166,1995,241,N. white cedar,5,25,64.35,45.8,21.72
1166,1995,12,Balsam fir,12,60,18.25,13,7.47
1166,1995,261,Hemlock,5,25,18.16,12.9,11.54
1166,1995,91,White spruce,7,35,16.32,11.6,9.25
1166,1995,371,Yellow birch,3,15,12.2,8.7,12.21
1166,1995,97,Red spruce,3,15,4.88,3.5,7.72
1166,1995,316,Red maple,1,5,3.8,2.7,11.8
1166,1995,541,White ash,1,5,2.51,1.8,9.6
1166,2000,12,Balsam fir,8,40,14.01,45.3,8.01
1166,2000,261,Hemlock,2,10,7.41,24,11.66
1166,2000,91,White spruce,4,20,5.43,17.6,7.05
1166,2000,97,Red spruce,2,10,4.06,13.1,8.63
1167,1995,371,Yellow birch,8,40,25.19,55.1,10.74
1167,1995,12,Balsam fir,4,20,9.57,20.9,9.36
1167,1995,375,Paper birch,4,20,7.25,15.9,8.15
1167,1995,316,Red maple,1,5,3.73,8.2,11.7
1167,2000,371,Yellow birch,10,50,33.13,50.3,11.02
1167,2000,12,Balsam fir,9,45,18.05,27.4,8.58
1167,2000,375,Paper birch,4,20,7.47,11.4,8.28
1167,2000,316,Red maple,2,10,5.34,8.1,9.9
1167,2000,97,Red spruce,2,10,1.81,2.8,5.77
1168,1986,97,Red spruce,1,5,0.11,100,2
1169,1986,316,Red maple,4,20,21.65,43.7,14.09
1169,1986,531,Am. beech,6,30,13.23,26.7,8.99
1169,1986,371,Yellow birch,2,10,8.24,16.6,12.29
1169,1986,97,Red spruce,1,5,4.61,9.3,13
1169,1986,261,Hemlock,1,5,1.83,3.7,8.2
1169,1990,316,Red maple,4,20,21.55,41,14.06
1169,1990,531,Am. beech,6,30,15.44,29.4,9.72
1169,1990,371,Yellow birch,2,10,8.73,16.6,12.65
1169,1990,97,Red spruce,1,5,4.97,9.4,13.5
1169,1990,261,Hemlock,1,5,1.92,3.7,8.4
1169,1995,261,Hemlock,14,70,34.02,35.4,9.44
1169,1995,531,Am. beech,13,65,26.73,27.8,8.68
1169,1995,316,Red maple,4,20,18.68,19.5,13.09
1169,1995,97,Red spruce,3,15,8.92,9.3,10.44
1169,1995,371,Yellow birch,3,15,7.66,8,9.67
1169,2000,261,Hemlock,10,50,23.1,46.4,9.2
1169,2000,316,Red maple,2,10,11.32,22.7,14.41
1169,2000,531,Am. beech,7,35,9.21,18.5,6.95
1169,2000,97,Red spruce,1,5,3.24,6.5,10.9
1169,2000,371,Yellow birch,2,10,2.91,5.8,7.3
1175,1999,97,Red spruce,5,25,13.11,50.1,9.8
1175,1999,375,Paper birch,1,5,7.25,27.7,16.3
1175,1999,12,Balsam fir,4,20,5.81,22.2,7.3
1176,1994,999,Unknown/Other,5,25,15.99,100,10.83
1176,1999,12,Balsam fir,7,35,7.38,65.1,6.22
1176,1999,97,Red spruce,3,15,3.96,34.9,6.96
1177,1989,371,Yellow birch,5,25,26.27,68.7,13.88
1177,1989,375,Paper birch,2,10,10.24,26.8,13.7
1177,1989,97,Red spruce,1,5,1.75,4.6,8
1177,1994,12,Balsam fir,1,5,5.35,100,14
1177,1999,261,Hemlock,1,5,1.49,50.5,7.4
1177,1999,12,Balsam fir,2,10,1.46,49.5,5.18
1178,1989,12,Balsam fir,12,60,46.18,81.9,11.88
1178,1989,375,Paper birch,4,20,7.77,13.8,8.44
1178,1989,97,Red spruce,1,5,2.41,4.3,9.4
1178,1994,12,Balsam fir,10,50,21.07,85.7,8.79
1178,1994,375,Paper birch,3,15,2.72,11.1,5.76
1178,1994,97,Red spruce,1,5,0.8,3.2,5.4
1178,1999,12,Balsam fir,10,50,25.01,61.7,9.58
1178,1999,97,Red spruce,3,15,7.22,17.8,9.39
1178,1999,375,Paper birch,4,20,5.82,14.4,7.3
1178,1999,999,Unknown/Other,1,5,1.83,4.5,8.2
1178,1999,95,Black spruce,1,5,0.63,1.6,4.8
1179,1989,999,Unknown/Other,2,10,3.74,44.2,8.28
1179,1989,97,Red spruce,1,5,3.06,36.2,10.6
1179,1989,375,Paper birch,1,5,1.66,19.6,7.8
1179,1994,95,Black spruce,10,50,11.12,52.4,6.38
1179,1994,12,Balsam fir,5,25,5.72,27,6.48
1179,1994,999,Unknown/Other,2,10,2.49,11.7,6.75
1179,1994,97,Red spruce,1,5,1.88,8.9,8.3
1179,1999,95,Black spruce,9,45,10.99,51.2,6.69
1179,1999,97,Red spruce,2,10,5.6,26.1,10.13
1179,1999,71,Tamarack,1,5,4.33,20.2,12.6
1179,1999,12,Balsam fir,1,5,0.55,2.6,4.5
1180,1989,261,Hemlock,6,30,17.15,69.4,10.24
1180,1989,999,Unknown/Other,6,30,7.57,30.6,6.8
1180,1994,375,Paper birch,1,5,1.12,100,6.4
1180,1999,999,Unknown/Other,10,50,18.32,49,8.2
1180,1999,12,Balsam fir,5,25,10.29,27.5,8.69
1180,1999,261,Hemlock,4,20,7.47,20,8.28
1180,1999,375,Paper birch,1,5,1.3,3.5,6.9
1181,1989,371,Yellow birch,5,25,22.97,65.7,12.98
1181,1989,316,Red maple,1,5,6.38,18.3,15.3
1181,1989,999,Unknown/Other,4,20,3.4,9.7,5.58
1181,1989,97,Red spruce,1,5,1.12,3.2,6.4
1181,1989,12,Balsam fir,2,10,1.1,3.2,4.5
1181,1994,999,Unknown/Other,5,25,21.71,88.3,12.62
1181,1994,12,Balsam fir,2,10,2.6,10.6,6.9
1181,1994,371,Yellow birch,1,5,0.28,1.1,3.2
1181,1999,12,Balsam fir,17,85,19.11,28.7,6.42
1181,1999,97,Red spruce,15,75,17.87,26.8,6.61
1181,1999,316,Red maple,2,10,9.95,15,13.51
1181,1999,371,Yellow birch,4,20,7.68,11.5,8.39
1181,1999,999,Unknown/Other,6,30,6.59,9.9,6.34
1181,1999,375,Paper birch,3,15,4.8,7.2,7.66
1181,1999,833,N. red oak,1,5,0.58,0.9,4.6
1182,1989,999,Unknown/Other,7,35,22.26,64.5,10.8
1182,1989,97,Red spruce,2,10,7.09,20.6,11.4
1182,1989,375,Paper birch,1,5,2.62,7.6,9.8
1182,1989,12,Balsam fir,2,10,2.53,7.3,6.81
1182,1994,97,Red spruce,2,10,14.11,48,16.09
1182,1994,12,Balsam fir,3,15,11.38,38.7,11.79
1182,1994,999,Unknown/Other,4,20,3.9,13.3,5.98
1182,1999,12,Balsam fir,18,90,30.05,44.4,7.82
1182,1999,97,Red spruce,9,45,23.63,34.9,9.81
1182,1999,375,Paper birch,5,25,8.64,12.8,7.96
1182,1999,999,Unknown/Other,5,25,5.31,7.9,6.24
1183,1989,999,Unknown/Other,2,10,4.28,46.2,8.86
1183,1989,12,Balsam fir,1,5,2.62,28.3,9.8
1183,1989,371,Yellow birch,1,5,2.36,25.5,9.3
1183,1994,12,Balsam fir,15,75,38.47,57.3,9.7
1183,1994,999,Unknown/Other,4,20,11.62,17.3,10.32
1183,1994,375,Paper birch,2,10,11.24,16.7,14.35
1183,1994,531,Am. beech,1,5,2.67,4,9.9
1183,1994,97,Red spruce,1,5,1.79,2.7,8.1
1183,1994,371,Yellow birch,1,5,1.34,2,7
1192,1990,97,Red spruce,2,10,5.08,76.8,9.65
1192,1990,12,Balsam fir,1,5,1.53,23.2,7.5
1193,1990,261,Hemlock,2,10,21.52,27.6,19.87
1193,1990,371,Yellow birch,6,30,19.23,24.7,10.84
1193,1990,316,Red maple,8,40,16.84,21.6,8.79
1193,1990,531,Am. beech,3,15,14.27,18.3,13.21
1193,1990,12,Balsam fir,1,5,6.14,7.9,15
1193,1995,316,Red maple,16,80,28.98,30.9,8.15
1193,1995,261,Hemlock,3,15,24.72,26.4,17.38
1193,1995,371,Yellow birch,6,30,21.27,22.7,11.4
1193,1995,531,Am. beech,5,25,17.02,18.2,11.17
1193,1995,97,Red spruce,2,10,1.71,1.8,5.6
1193,2000,316,Red maple,12,60,27.07,50.3,9.09
1193,2000,261,Hemlock,1,5,8.64,16.1,17.8
1193,2000,371,Yellow birch,2,10,8.34,15.5,12.36
1193,2000,531,Am. beech,4,20,7.68,14.3,8.39
1193,2000,12,Balsam fir,1,5,2.06,3.8,8.7
1194,1990,371,Yellow birch,3,15,24.82,38.7,17.42
1194,1990,261,Hemlock,2,10,13.04,20.3,15.46
1194,1990,541,White ash,4,20,9.96,15.5,9.56
1194,1990,97,Red spruce,3,15,6.57,10.2,8.96
1194,1990,999,Unknown/Other,1,5,5.35,8.3,14
1194,1990,531,Am. beech,3,15,4.45,6.9,7.37
1194,1995,371,Yellow birch,3,15,26.17,29.1,17.89
1194,1995,261,Hemlock,8,40,19.82,22.1,9.53
1194,1995,541,White ash,11,55,19.73,22,8.11
1194,1995,531,Am. beech,7,35,9.31,10.4,6.98
1194,1995,97,Red spruce,5,25,9.19,10.2,8.21
1194,1995,999,Unknown/Other,1,5,5.65,6.3,14.4
1194,2000,261,Hemlock,10,50,23.09,45.6,9.2
1194,2000,541,White ash,8,40,16.85,33.3,8.79
1194,2000,371,Yellow birch,1,5,4.9,9.7,13.4
1194,2000,531,Am. beech,2,10,3.09,6.1,7.53
1194,2000,97,Red spruce,1,5,2.67,5.3,9.9
1195,1990,97,Red spruce,15,75,29.14,82.2,8.44
1195,1990,241,N. white cedar,3,15,6.29,17.8,8.77
1195,1995,97,Red spruce,28,140,47.83,84.6,7.91
1195,1995,241,N. white cedar,4,20,8,14.1,8.56
1195,1995,12,Balsam fir,1,5,0.74,1.3,5.2
1195,2000,97,Red spruce,25,125,47.39,85.2,8.34
1195,2000,12,Balsam fir,4,20,4.51,8.1,6.43
1195,2000,241,N. white cedar,2,10,3.7,6.7,8.24
1196,1990,97,Red spruce,7,35,39.74,61.7,14.43
1196,1990,129,White pine,4,20,11.86,18.4,10.43
1196,1990,371,Yellow birch,2,10,6.72,10.4,11.1
1196,1990,12,Balsam fir,2,10,4.55,7.1,9.14
1196,1990,531,Am. beech,1,5,1.53,2.4,7.5
1196,1995,97,Red spruce,8,40,30.8,56.6,11.88
1196,1995,129,White pine,3,15,11.06,20.3,11.63
1196,1995,371,Yellow birch,2,10,6.96,12.8,11.3
1196,1995,316,Red maple,4,20,3.29,6,5.49
1196,1995,12,Balsam fir,1,5,1.34,2.5,7
1196,1995,531,Am. beech,1,5,0.98,1.8,6
1196,2000,97,Red spruce,4,20,14.79,36.5,11.65
1196,2000,129,White pine,1,5,9.23,22.8,18.4
1196,2000,371,Yellow birch,3,15,7.62,18.8,9.65
1196,2000,316,Red maple,5,25,5.47,13.5,6.33
1196,2000,531,Am. beech,2,10,2.08,5.1,6.17
1196,2000,12,Balsam fir,1,5,1.34,3.3,7
1197,1987,261,Hemlock,5,25,14.46,39.4,10.3
1197,1987,371,Yellow birch,1,5,11.91,32.4,20.9
1197,1987,531,Am. beech,4,20,10.35,28.2,9.74
1197,1992,261,Hemlock,6,30,19.52,40.6,10.92
1197,1992,531,Am. beech,8,40,16.55,34.4,8.71
1197,1992,371,Yellow birch,1,5,12.03,25,21
1197,1997,261,Hemlock,2,10,6.03,62.4,10.51
1197,1997,531,Am. beech,2,10,3.63,37.6,8.15
1197,2002,531,Am. beech,9,45,27.79,42.6,10.64
1197,2002,261,Hemlock,7,35,24.68,37.9,11.37
1197,2002,371,Yellow birch,1,5,12.72,19.5,21.6
1198,1992,261,Hemlock,4,20,16.82,100,12.42
1198,1997,531,Am. beech,2,10,8.01,53.2,12.12
1198,1997,261,Hemlock,2,10,4.64,30.8,9.22
1198,1997,999,Unknown/Other,1,5,2.41,16,9.4
1198,2002,261,Hemlock,1,5,4.06,100,12.2
1199,1987,261,Hemlock,4,20,32.16,43.2,17.17
1199,1987,371,Yellow birch,3,15,20.43,27.4,15.8
1199,1987,97,Red spruce,4,20,9.62,12.9,9.39
1199,1987,531,Am. beech,2,10,6.81,9.1,11.18
1199,1987,316,Red maple,1,5,5.42,7.3,14.1
1199,1992,261,Hemlock,4,20,33.89,42.6,17.63
1199,1992,371,Yellow birch,3,15,21.63,27.2,16.26
1199,1992,97,Red spruce,4,20,10.97,13.8,10.03
1199,1992,531,Am. beech,2,10,7.55,9.5,11.76
1199,1992,316,Red maple,1,5,5.58,7,14.3
1199,1997,261,Hemlock,3,15,25.54,51.4,17.67
1199,1997,371,Yellow birch,2,10,18.51,37.3,18.42
1199,1997,531,Am. beech,2,10,5.63,11.3,10.16
1199,2002,261,Hemlock,6,30,43.98,46.3,16.39
1199,2002,371,Yellow birch,3,15,19.97,21,15.62
1199,2002,97,Red spruce,6,30,15.5,16.3,9.73
1199,2002,316,Red maple,1,5,5.73,6,14.5
1199,2002,531,Am. beech,2,10,5.7,6,10.22
1199,2002,541,White ash,1,5,2.31,2.4,9.2
1199,2002,999,Unknown/Other,1,5,1.79,1.9,8.1
1200,1992,261,Hemlock,6,30,34.08,46.1,14.43
1200,1992,531,Am. beech,10,50,15.94,21.5,7.65
1200,1992,371,Yellow birch,6,30,15.92,21.5,9.86
1200,1992,541,White ash,3,15,5.97,8.1,8.55
1200,1992,97,Red spruce,2,10,2.06,2.8,6.15
1200,2002,371,Yellow birch,6,30,18.23,38.5,10.55
1200,2002,531,Am. beech,6,30,13.51,28.6,9.09
1200,2002,261,Hemlock,4,20,8.19,17.3,8.66
1200,2002,541,White ash,3,15,7.39,15.6,9.5
1201,1992,261,Hemlock,38,190,85.03,100,9.06
1201,1997,261,Hemlock,7,35,13.24,100,8.33
1202,1990,12,Balsam fir,5,25,12.67,50.5,9.64
1202,1990,375,Paper birch,3,15,4.6,18.3,7.5
1202,1990,97,Red spruce,2,10,4.43,17.7,9.01
1202,1990,371,Yellow birch,1,5,2.02,8,8.6
1202,1990,316,Red maple,1,5,1.37,5.5,7.1
1202,1995,12,Balsam fir,4,20,11.69,49.4,10.35
1202,1995,97,Red spruce,2,10,5.41,22.8,9.96
1202,1995,375,Paper birch,2,10,3.72,15.7,8.26
1202,1995,316,Red maple,1,5,1.79,7.6,8.1
1202,1995,261,Hemlock,1,5,1.08,4.6,6.3
1202,2000,316,Red maple,15,75,22.05,27.7,7.34
1202,2000,97,Red spruce,3,15,15.44,19.4,13.74
1202,2000,375,Paper birch,11,55,15.4,19.4,7.16
1202,2000,12,Balsam fir,5,25,13.14,16.5,9.82
1202,2000,371,Yellow birch,5,25,5.21,6.6,6.18
1202,2000,999,Unknown/Other,6,30,5.17,6.5,5.62
1202,2000,261,Hemlock,2,10,3.12,3.9,7.56
1203,1989,97,Red spruce,1,5,21.84,66.6,28.3
1203,1989,999,Unknown/Other,1,5,9.23,28.2,18.4
1203,1989,12,Balsam fir,1,5,1.7,5.2,7.9
1203,1994,97,Red spruce,8,40,26.77,47.2,11.08
1203,1994,371,Yellow birch,3,15,25.94,45.8,17.81
1203,1994,12,Balsam fir,1,5,2.21,3.9,9
1203,1994,375,Paper birch,1,5,1.75,3.1,8
1203,1999,371,Yellow birch,2,10,24.83,44.6,21.34
1203,1999,97,Red spruce,11,55,24.27,43.6,8.99
1203,1999,316,Red maple,1,5,2.41,4.3,9.4
1203,1999,531,Am. beech,1,5,2.36,4.2,9.3
1203,1999,375,Paper birch,1,5,1.83,3.3,8.2
1204,1989,371,Yellow birch,2,10,7.94,32.8,12.07
1204,1989,97,Red spruce,1,5,6.72,27.7,15.7
1204,1989,261,Hemlock,2,10,5.7,23.5,10.23
1204,1989,531,Am. beech,1,5,3.86,15.9,11.9
1204,1994,371,Yellow birch,3,15,20.73,34.1,15.92
1204,1994,531,Am. beech,2,10,19.16,31.5,18.74
1204,1994,999,Unknown/Other,1,5,9.64,15.8,18.8
1204,1994,97,Red spruce,1,5,7.33,12.1,16.4
1204,1994,261,Hemlock,2,10,3.99,6.6,8.55
1204,1999,261,Hemlock,13,65,33.21,47.1,9.68
1204,1999,371,Yellow birch,5,25,19.86,28.1,12.07
1204,1999,97,Red spruce,3,15,13.34,18.9,12.77
1204,1999,531,Am. beech,1,5,4.13,5.8,12.3
1205,1989,371,Yellow birch,13,65,88.38,87.2,15.79
1205,1989,316,Red maple,2,10,11.42,11.3,14.47
1205,1989,261,Hemlock,1,5,1.58,1.6,7.6
1205,1994,371,Yellow birch,9,45,80.56,86.4,18.12
1205,1994,316,Red maple,2,10,12.67,13.6,15.24
1205,1999,371,Yellow birch,10,50,56.39,93.3,14.38
1205,1999,261,Hemlock,1,5,2.16,3.6,8.9
1205,1999,531,Am. beech,1,5,1.88,3.1,8.3
1206,1989,97,Red spruce,11,55,42.73,81.6,11.94
1206,1989,371,Yellow birch,3,15,9.6,18.4,10.83
1206,1994,97,Red spruce,4,20,15.17,39.6,11.79
1206,1994,318,Sugar maple,2,10,14.31,37.3,16.2
1206,1994,375,Paper birch,3,15,7.64,19.9,9.66
1206,1994,531,Am. beech,1,5,1.22,3.2,6.7
1206,1999,261,Hemlock,4,20,12.41,42.3,10.67
1206,1999,371,Yellow birch,2,10,7.08,24.1,11.39
1206,1999,531,Am. beech,3,15,5.51,18.8,8.21
1206,1999,97,Red spruce,2,10,3.36,11.5,7.85
1206,1999,375,Paper birch,1,5,0.98,3.3,6
1208,1987,12,Balsam fir,17,85,54.5,61.8,10.84
1208,1987,316,Red maple,5,25,21.35,24.2,12.51
1208,1987,97,Red spruce,4,20,7.48,8.5,8.28
1208,1987,261,Hemlock,2,10,4.92,5.6,9.5
1208,1992,12,Balsam fir,20,100,65.31,58.5,10.94
1208,1992,316,Red maple,7,35,26.25,23.5,11.73
1208,1992,97,Red spruce,7,35,11.42,10.2,7.73
1208,1992,261,Hemlock,3,15,6.86,6.1,9.16
1208,1992,371,Yellow birch,1,5,1.08,1,6.3
1208,1992,375,Paper birch,1,5,0.77,0.7,5.3
1208,1997,12,Balsam fir,18,90,57.37,55.9,10.81
1208,1997,316,Red maple,7,35,26.85,26.2,11.86
1208,1997,97,Red spruce,7,35,11.89,11.6,7.89
1208,1997,261,Hemlock,2,10,4.23,4.1,8.81
1208,1997,371,Yellow birch,2,10,2.27,2.2,6.45
1208,2002,12,Balsam fir,12,60,40.11,48.9,11.07
1208,2002,316,Red maple,6,30,19.61,23.9,10.95
1208,2002,97,Red spruce,7,35,12.22,14.9,8
1208,2002,261,Hemlock,3,15,7.94,9.7,9.85
1208,2002,371,Yellow birch,2,10,2.21,2.7,6.36
1209,1987,371,Yellow birch,4,20,16.22,49.1,12.19
1209,1987,97,Red spruce,3,15,6.84,20.7,9.14
1209,1987,12,Balsam fir,3,15,6.13,18.5,8.65
1209,1987,261,Hemlock,2,10,3.85,11.7,8.4
1209,1992,371,Yellow birch,5,25,18.36,34.2,11.6
1209,1992,12,Balsam fir,6,30,11.79,22,8.49
1209,1992,97,Red spruce,6,30,11.58,21.6,8.41
1209,1992,261,Hemlock,4,20,7.43,13.8,8.25
1209,1992,999,Unknown/Other,2,10,2.31,4.3,6.51
1209,1992,544,Bigtooth aspen,2,10,2.24,4.2,6.41
1209,1997,544,Bigtooth aspen,1,5,0.98,100,6
1209,2002,97,Red spruce,10,50,13.88,39.6,7.13
1209,2002,371,Yellow birch,4,20,13.87,39.6,11.28
1209,2002,12,Balsam fir,5,25,7.25,20.7,7.29
1210,1992,999,Unknown/Other,1,5,2.36,100,9.3
1211,2002,91,White spruce,1,5,1.41,100,7.2
1217,1987,12,Balsam fir,33,165,28.79,41.7,5.66
1217,1987,97,Red spruce,8,40,15.54,22.5,8.44
1217,1987,91,White spruce,7,35,15.1,21.8,8.89
1217,1987,371,Yellow birch,3,15,9.69,14,10.88
1217,1991,12,Balsam fir,31,155,32.57,41.7,6.21
1217,1991,97,Red spruce,9,45,18.19,23.3,8.61
1217,1991,91,White spruce,7,35,16.83,21.5,9.39
1217,1991,371,Yellow birch,3,15,10.59,13.6,11.38
1217,1996,12,Balsam fir,31,155,37.71,42.3,6.68
1217,1996,97,Red spruce,9,45,20.81,23.3,9.21
1217,1996,91,White spruce,7,35,18.87,21.2,9.94
1217,1996,371,Yellow birch,3,15,11.79,13.2,12.01
1217,2001,12,Balsam fir,30,150,42.7,42.4,7.22
1217,2001,97,Red spruce,9,45,23.65,23.5,9.82
1217,2001,91,White spruce,7,35,21.22,21.1,10.54
1217,2001,371,Yellow birch,3,15,13.21,13.1,12.7
1218,1987,97,Red spruce,10,50,16.89,44.9,7.87
1218,1987,12,Balsam fir,13,65,11.91,31.7,5.8
1218,1987,91,White spruce,4,20,8.82,23.4,8.99
1218,1991,97,Red spruce,10,50,18.82,44.4,8.31
1218,1991,12,Balsam fir,13,65,13.73,32.4,6.22
1218,1991,91,White spruce,4,20,9.81,23.2,9.48
1218,1996,97,Red spruce,10,50,21.45,44.4,8.87
1218,1996,12,Balsam fir,13,65,15.88,32.8,6.69
1218,1996,91,White spruce,4,20,11.03,22.8,10.06
1219,1987,12,Balsam fir,12,60,12.45,43.9,6.17
1219,1987,91,White spruce,4,20,9.57,33.8,9.37
1219,1987,97,Red spruce,4,20,6.31,22.3,7.61
1219,1991,12,Balsam fir,12,60,14.55,45.3,6.67
1219,1991,91,White spruce,5,25,11.37,35.4,9.13
1219,1991,97,Red spruce,3,15,6.18,19.2,8.69
1219,1996,12,Balsam fir,12,60,16.77,45.7,7.16
1219,1996,91,White spruce,5,25,12.9,35.2,9.73
1219,1996,97,Red spruce,3,15,7.01,19.1,9.26
1219,2001,12,Balsam fir,12,60,19.45,46.4,7.71
1219,2001,91,White spruce,5,25,14.53,34.7,10.32
1219,2001,97,Red spruce,3,15,7.95,19,9.86
1220,1987,91,White spruce,9,45,19.16,51.2,8.83
1220,1987,97,Red spruce,6,30,11.11,29.7,8.24
1220,1987,12,Balsam fir,8,40,7.18,19.2,5.74
1220,1991,91,White spruce,9,45,21.32,52,9.32
1220,1991,97,Red spruce,6,30,11.89,29,8.52
1220,1991,12,Balsam fir,8,40,7.82,19.1,5.99
1220,1996,91,White spruce,9,45,24.05,51.5,9.9
1220,1996,97,Red spruce,6,30,13.58,29,9.11
1220,1996,12,Balsam fir,8,40,9.11,19.5,6.46
1220,2001,91,White spruce,9,45,27.09,51.1,10.51
1220,2001,97,Red spruce,6,30,15.36,29,9.69
1220,2001,12,Balsam fir,8,40,10.53,19.9,6.95
1221,1987,91,White spruce,7,35,15.16,37,8.91
1221,1987,371,Yellow birch,4,20,13.89,33.9,11.28
1221,1987,97,Red spruce,4,20,6.67,16.3,7.82
1221,1987,12,Balsam fir,6,30,5.3,12.9,5.69
1221,1991,91,White spruce,8,40,17.64,38.8,8.99
1221,1991,371,Yellow birch,4,20,15.13,33.3,11.78
1221,1991,97,Red spruce,4,20,7.54,16.6,8.31
1221,1991,12,Balsam fir,5,25,5.17,11.4,6.16
1221,1996,91,White spruce,8,40,19.94,38.8,9.56
1221,1996,371,Yellow birch,4,20,16.82,32.7,12.42
1221,1996,97,Red spruce,4,20,8.62,16.8,8.89
1221,1996,12,Balsam fir,5,25,6.01,11.7,6.64
1221,2001,91,White spruce,8,40,22.49,38.9,10.15
1221,2001,371,Yellow birch,4,20,18.55,32.1,13.04
1221,2001,97,Red spruce,4,20,9.81,17,9.48
1221,2001,12,Balsam fir,5,25,6.95,12,7.14
1222,1987,97,Red spruce,16,80,16.4,57.6,6.13
1222,1987,12,Balsam fir,15,75,8.51,29.9,4.56
1222,1987,371,Yellow birch,2,10,2.57,9,6.86
1222,1987,375,Paper birch,1,5,0.98,3.4,6
1222,1991,97,Red spruce,16,80,19.98,56,6.77
1222,1991,12,Balsam fir,15,75,11.53,32.3,5.31
1222,1991,371,Yellow birch,2,10,3,8.4,7.41
1222,1991,375,Paper birch,1,5,1.15,3.2,6.5
1222,1995,97,Red spruce,16,80,22.8,56.1,7.23
1222,1995,12,Balsam fir,14,70,13.09,32.2,5.85
1222,1995,371,Yellow birch,2,10,3.41,8.4,7.91
1222,1995,375,Paper birch,1,5,1.34,3.3,7
1222,2001,97,Red spruce,16,80,27.97,55.9,8.01
1222,2001,12,Balsam fir,14,70,16.28,32.5,6.53
1222,2001,371,Yellow birch,2,10,4.14,8.3,8.71
1222,2001,375,Paper birch,1,5,1.66,3.3,7.8
1223,1991,97,Red spruce,9,45,7.92,48.4,5.68
1223,1991,12,Balsam fir,9,45,5.46,33.4,4.72
1223,1991,371,Yellow birch,2,10,2.99,18.2,7.4
1223,1996,97,Red spruce,9,45,10.33,48.4,6.49
1223,1996,12,Balsam fir,9,45,7.29,34.1,5.45
1223,1996,371,Yellow birch,2,10,3.74,17.5,8.28
1223,2001,97,Red spruce,9,45,13.54,48.9,7.43
1223,2001,12,Balsam fir,8,40,9.36,33.8,6.55
1223,2001,371,Yellow birch,2,10,4.81,17.4,9.39
1224,1987,97,Red spruce,6,30,8.2,60.2,7.08
1224,1987,371,Yellow birch,1,5,2.73,20,10
1224,1987,12,Balsam fir,4,20,2.02,14.8,4.3
1224,1987,375,Paper birch,1,5,0.68,5,5
1224,1991,97,Red spruce,7,35,10.24,60.5,7.33
1224,1991,371,Yellow birch,1,5,3.06,18.1,10.6
1224,1991,12,Balsam fir,4,20,2.76,16.3,5.03
1224,1991,375,Paper birch,1,5,0.86,5.1,5.6
1224,1996,97,Red spruce,7,35,12.47,60.3,8.08
1224,1996,371,Yellow birch,1,5,3.61,17.4,11.5
1224,1996,12,Balsam fir,4,20,3.55,17.2,5.71
1224,1996,375,Paper birch,1,5,1.05,5.1,6.2
1224,2001,97,Red spruce,7,35,14.92,59.5,8.84
1224,2001,12,Balsam fir,4,20,4.57,18.2,6.48
1224,2001,371,Yellow birch,1,5,4.26,17,12.5
1224,2001,375,Paper birch,1,5,1.34,5.3,7
1225,1987,97,Red spruce,19,95,18.38,54.4,5.96
1225,1987,12,Balsam fir,18,90,11.01,32.6,4.74
1225,1987,371,Yellow birch,2,10,3.55,10.5,8.06
1225,1987,375,Paper birch,1,5,0.82,2.4,5.5
1225,1991,97,Red spruce,19,95,22.63,53.4,6.61
1225,1991,12,Balsam fir,18,90,14.43,34,5.42
1225,1991,371,Yellow birch,3,15,4.37,10.3,7.31
1225,1991,375,Paper birch,1,5,0.98,2.3,6
1225,1995,97,Red spruce,19,95,28.71,53,7.44
1225,1995,12,Balsam fir,18,90,18.78,34.7,6.19
1225,1995,371,Yellow birch,3,15,5.41,10,8.13
1225,1995,375,Paper birch,1,5,1.26,2.3,6.8
1227,1987,371,Yellow birch,5,25,12.85,75.4,9.71
1227,1987,316,Red maple,3,15,2.22,13,5.2
1227,1987,375,Paper birch,2,10,1.98,11.6,6.02
1227,1991,371,Yellow birch,5,25,14.75,73.9,10.4
1227,1991,316,Red maple,3,15,2.85,14.3,5.9
1227,1991,375,Paper birch,2,10,2.35,11.8,6.57
1227,1996,371,Yellow birch,5,25,17.69,72.4,11.39
1227,1996,316,Red maple,3,15,3.67,15,6.7
1227,1996,375,Paper birch,2,10,3.08,12.6,7.52
1227,2001,371,Yellow birch,5,25,20.91,71.6,12.38
1227,2001,316,Red maple,3,15,4.51,15.4,7.42
1227,2001,375,Paper birch,2,10,3.77,12.9,8.32
1228,1987,97,Red spruce,26,130,23.33,51.4,5.74
1228,1987,12,Balsam fir,24,120,18.57,40.9,5.33
1228,1987,371,Yellow birch,2,10,3.5,7.7,8.02
1228,1991,97,Red spruce,27,135,29.56,51.4,6.34
1228,1991,12,Balsam fir,25,125,24.02,41.8,5.94
1228,1991,371,Yellow birch,2,10,3.95,6.9,8.51
1228,1995,97,Red spruce,27,135,37.18,50.7,7.11
1228,1995,12,Balsam fir,25,125,30.89,42.1,6.73
1228,1995,371,Yellow birch,2,10,5.3,7.2,9.86
1228,2001,97,Red spruce,27,135,49.46,50.2,8.2
1228,2001,12,Balsam fir,25,125,41.92,42.6,7.84
1228,2001,371,Yellow birch,2,10,7.1,7.2,11.41
1229,1991,97,Red spruce,5,25,2.82,58.1,4.55
1229,1991,12,Balsam fir,5,25,2.04,41.9,3.87
1230,1987,97,Red spruce,39,195,41.19,60.1,6.22
1230,1987,12,Balsam fir,39,195,27.4,39.9,5.08
1230,1991,97,Red spruce,39,195,50.46,58.8,6.89
1230,1991,12,Balsam fir,39,195,35.32,41.2,5.76
1230,1995,97,Red spruce,39,195,63.76,58.4,7.74
1230,1995,12,Balsam fir,39,195,45.38,41.6,6.53
1230,2001,97,Red spruce,16,80,38.05,62.9,9.34
1230,2001,12,Balsam fir,15,75,22.42,37.1,7.4
1231,1987,97,Red spruce,19,95,33.55,78.3,8.05
1231,1987,12,Balsam fir,4,20,9.31,21.7,9.24
1231,1991,97,Red spruce,22,110,41.2,79.7,8.29
1231,1991,12,Balsam fir,4,20,10.48,20.3,9.8
1231,1996,97,Red spruce,28,140,36.29,76.7,6.89
1231,1996,12,Balsam fir,8,40,11.03,23.3,7.11
1232,1987,12,Balsam fir,5,25,13.43,72.2,9.92
1232,1987,97,Red spruce,2,10,3.5,18.8,8.02
1232,1987,71,Tamarack,1,5,1.66,8.9,7.8
1232,1991,12,Balsam fir,11,55,21.53,52.1,8.47
1232,1991,97,Red spruce,8,40,10.98,26.6,7.1
1232,1991,71,Tamarack,7,35,8.8,21.3,6.79
1232,1996,71,Tamarack,5,25,8.43,42.2,7.86
1232,1996,97,Red spruce,5,25,8.42,42.1,7.86
1232,1996,12,Balsam fir,2,10,3.15,15.7,7.6
1232,2001,12,Balsam fir,13,65,13.85,41.9,6.25
1232,2001,71,Tamarack,7,35,9.78,29.6,7.16
1232,2001,97,Red spruce,7,35,9.42,28.5,7.02
1234,1991,97,Red spruce,29,145,25.97,62.6,5.73
1234,1991,129,White pine,8,40,11.36,27.4,7.21
1234,1991,12,Balsam fir,3,15,4.17,10.1,7.14
1234,2001,97,Red spruce,13,65,14.22,65.7,6.33
1234,2001,12,Balsam fir,5,25,4.85,22.4,5.96
1234,2001,129,White pine,3,15,2.59,12,5.63
1235,1991,97,Red spruce,18,90,36.18,69.9,8.59
1235,1991,316,Red maple,5,25,4.91,9.5,6
1235,1991,375,Paper birch,5,25,3.94,7.6,5.38
1235,1991,371,Yellow birch,1,5,3.61,7,11.5
1235,1991,12,Balsam fir,2,10,3.14,6.1,7.59
1235,2001,97,Red spruce,12,60,30.22,70.4,9.61
1235,2001,316,Red maple,5,25,7.82,18.2,7.57
1235,2001,375,Paper birch,2,10,2.84,6.6,7.21
1235,2001,12,Balsam fir,1,5,2.06,4.8,8.7
1236,1991,318,Sugar maple,1,5,3.73,47.7,11.7
1236,1991,375,Paper birch,1,5,2.26,28.9,9.1
1236,1991,12,Balsam fir,1,5,1.83,23.4,8.2
1236,1996,318,Sugar maple,7,35,14.86,47.3,8.82
1236,1996,375,Paper birch,5,25,7.63,24.3,7.48
1236,1996,97,Red spruce,2,10,4.27,13.6,8.85
1236,1996,12,Balsam fir,1,5,2.57,8.2,9.7
1236,1996,316,Red maple,1,5,2.11,6.7,8.8
1236,2001,318,Sugar maple,12,60,26.5,54.1,9
1236,2001,375,Paper birch,8,40,7.78,15.9,5.97
1236,2001,97,Red spruce,4,20,7.42,15.2,8.25
1236,2001,12,Balsam fir,1,5,2.57,5.2,9.7
1236,2001,316,Red maple,4,20,2.46,5,4.75
1236,2001,371,Yellow birch,3,15,2.26,4.6,5.26
1237,1991,241,N. white cedar,14,70,48.44,88.3,11.26
1237,1991,97,Red spruce,2,10,4.46,8.1,9.05
1237,1991,371,Yellow birch,1,5,1.08,2,6.3
1237,1991,12,Balsam fir,1,5,0.89,1.6,5.7
1237,1996,241,N. white cedar,6,30,24.47,76.7,12.23
1237,1996,12,Balsam fir,2,10,4.07,12.8,8.64
1237,1996,97,Red spruce,1,5,3.36,10.5,11.1
1238,1991,315,Mountain maple,4,20,6.48,39.5,7.71
1238,1991,97,Red spruce,3,15,5.98,36.5,8.55
1238,1991,371,Yellow birch,1,5,2.11,12.9,8.8
1238,1991,12,Balsam fir,1,5,1.83,11.2,8.2
1238,1996,315,Mountain maple,9,45,14,40,7.55
1238,1996,97,Red spruce,5,25,9.61,27.4,8.39
1238,1996,371,Yellow birch,3,15,7.64,21.8,9.67
1238,1996,316,Red maple,1,5,1.92,5.5,8.4
1238,1996,12,Balsam fir,1,5,1.83,5.2,8.2
1239,1996,12,Balsam fir,6,30,5.8,34.1,5.95
1239,1996,97,Red spruce,4,20,5.1,30,6.84
1239,1996,371,Yellow birch,2,10,2.5,14.7,6.76
1239,1996,375,Paper birch,2,10,2.38,14,6.6
1239,1996,316,Red maple,1,5,1.22,7.2,6.7
1239,2001,97,Red spruce,14,70,52.74,67.3,11.75
1239,2001,12,Balsam fir,6,30,8.35,10.7,7.14
1239,2001,375,Paper birch,5,25,8.31,10.6,7.81
1239,2001,371,Yellow birch,3,15,7.61,9.7,9.65
1239,2001,316,Red maple,1,5,1.3,1.7,6.9
1240,1991,12,Balsam fir,1,5,2.21,59,9
1240,1991,316,Red maple,1,5,1.53,41,7.5
1240,1996,97,Red spruce,10,50,14.56,52.6,7.31
1240,1996,371,Yellow birch,3,15,7.73,27.9,9.72
1240,1996,316,Red maple,2,10,2.92,10.6,7.32
1240,1996,12,Balsam fir,2,10,2.45,8.9,6.71
1240,2001,97,Red spruce,9,45,14.68,43.9,7.73
1240,2001,371,Yellow birch,4,20,13.42,40.1,11.09
1240,2001,12,Balsam fir,2,10,3.26,9.7,7.74
1240,2001,316,Red maple,1,5,2.11,6.3,8.8
1242,1991,97,Red spruce,5,25,8.83,100,8.05
1242,1996,371,Yellow birch,9,45,27.53,39.6,10.59
1242,1996,316,Red maple,18,90,27.52,39.6,7.49
1242,1996,97,Red spruce,4,20,8.98,12.9,9.07
1242,1996,318,Sugar maple,2,10,3.32,4.8,7.8
1242,1996,531,Am. beech,1,5,2.11,3,8.8
1242,2001,316,Red maple,4,20,6.27,83.3,7.58
1242,2001,97,Red spruce,1,5,1.26,16.7,6.8
1243,1991,97,Red spruce,12,60,14.06,43.4,6.55
1243,1991,12,Balsam fir,7,35,11.56,35.7,7.78
1243,1991,129,White pine,3,15,5.99,18.5,8.56
1243,1991,318,Sugar maple,1,5,0.8,2.5,5.4
1243,1996,97,Red spruce,18,90,26.52,67.2,7.35
1243,1996,12,Balsam fir,7,35,8.98,22.7,6.86
1243,1996,129,White pine,3,15,3.99,10.1,6.99
1243,2001,97,Red spruce,24,120,37.27,75.2,7.55
1243,2001,12,Balsam fir,8,40,9.36,18.9,6.55
1243,2001,129,White pine,2,10,2.93,5.9,7.33
1244,1987,375,Paper birch,8,40,34.53,33.7,12.58
1244,1987,97,Red spruce,8,40,29.28,28.6,11.58
1244,1987,316,Red maple,7,35,20.69,20.2,10.41
1244,1987,531,Am. beech,3,15,9.1,8.9,10.55
1244,1987,371,Yellow birch,2,10,5.1,5,9.67
1244,1987,12,Balsam fir,1,5,3.8,3.7,11.8
1244,1991,97,Red spruce,12,60,35.47,30.2,10.41
1244,1991,375,Paper birch,8,40,34.47,29.3,12.57
1244,1991,316,Red maple,13,65,27.84,23.7,8.86
1244,1991,531,Am. beech,5,25,10.68,9.1,8.85
1244,1991,371,Yellow birch,2,10,5.1,4.3,9.67
1244,1991,12,Balsam fir,1,5,3.99,3.4,12.1
1244,1996,97,Red spruce,4,20,12.8,49.2,10.83
1244,1996,316,Red maple,4,20,10.93,42.1,10.01
1244,1996,375,Paper birch,1,5,1.58,6.1,7.6
1244,1996,531,Am. beech,1,5,0.68,2.6,5
1244,2001,316,Red maple,8,40,21.06,51.6,9.82
1244,2001,97,Red spruce,4,20,13.18,32.3,10.99
1244,2001,375,Paper birch,2,10,6.56,16.1,10.96
1245,1987,97,Red spruce,2,10,7.99,100,12.11
1245,1991,97,Red spruce,12,60,15.11,56.7,6.8
1245,1991,129,White pine,5,25,11.55,43.3,9.2
1245,1996,97,Red spruce,28,140,38.41,80.1,7.09
1245,1996,129,White pine,3,15,6.65,13.9,9.02
1245,1996,316,Red maple,1,5,2.02,4.2,8.6
1245,1996,12,Balsam fir,1,5,0.89,1.8,5.7
1245,2001,97,Red spruce,51,255,60.7,76.9,6.61
1245,2001,129,White pine,11,55,16.12,20.4,7.33
1245,2001,316,Red maple,1,5,2.06,2.6,8.7
1246,1987,97,Red spruce,2,10,3.98,37.8,8.54
1246,1987,315,Mountain maple,1,5,3.48,33.1,11.3
1246,1987,371,Yellow birch,1,5,1.62,15.4,7.7
1246,1987,12,Balsam fir,1,5,1.45,13.8,7.3
1246,1991,97,Red spruce,6,30,8.11,42.8,7.04
1246,1991,12,Balsam fir,4,20,4.58,24.2,6.48
1246,1991,315,Mountain maple,1,5,3.54,18.7,11.4
1246,1991,371,Yellow birch,2,10,2.72,14.3,7.06
1246,1996,97,Red spruce,2,10,4.32,52,8.9
1246,1996,12,Balsam fir,3,15,3.98,48,6.98
1246,2001,12,Balsam fir,7,35,10.37,38.3,7.37
1246,2001,97,Red spruce,7,35,9.48,35,7.05
1246,2001,315,Mountain maple,1,5,4.33,16,12.6
1246,2001,371,Yellow birch,2,10,2.91,10.8,7.31
1247,1987,97,Red spruce,5,25,18.91,67.3,11.78
1247,1987,375,Paper birch,3,15,4.33,15.4,7.27
1247,1987,12,Balsam fir,2,10,3.45,12.3,7.96
1247,1987,241,N. white cedar,1,5,1.41,5,7.2
1247,1992,97,Red spruce,12,60,27.1,61.4,9.1
1247,1992,12,Balsam fir,7,35,7.18,16.3,6.13
1247,1992,375,Paper birch,5,25,7,15.8,7.17
1247,1992,241,N. white cedar,1,5,1.66,3.8,7.8
1247,1992,129,White pine,1,5,1.22,2.8,6.7
1247,1997,12,Balsam fir,4,20,3.85,81.3,5.94
1247,1997,97,Red spruce,1,5,0.89,18.7,5.7
1247,2002,97,Red spruce,9,45,26.27,68.1,10.34
1247,2002,375,Paper birch,4,20,6.23,16.2,7.56
1247,2002,12,Balsam fir,3,15,4.24,11,7.2
1247,2002,241,N. white cedar,1,5,1.83,4.8,8.2
1248,1997,97,Red spruce,5,25,10.7,59.6,8.86
1248,1997,371,Yellow birch,2,10,3.09,17.2,7.53
1248,1997,999,Unknown/Other,1,5,2.16,12,8.9
1248,1997,318,Sugar maple,1,5,2.02,11.2,8.6
1248,2002,97,Red spruce,6,30,11.6,46.1,8.42
1248,2002,371,Yellow birch,4,20,6.59,26.2,7.77
1248,2002,318,Sugar maple,1,5,3.18,12.6,10.8
1248,2002,999,Unknown/Other,1,5,2.16,8.6,8.9
1248,2002,316,Red maple,1,5,0.82,3.3,5.5
1248,2002,9999,Willow spp.,1,5,0.8,3.2,5.4
1250,1987,97,Red spruce,1,5,6.14,100,15
1250,1991,97,Red spruce,5,25,30.56,79.8,14.97
1250,1991,999,Unknown/Other,3,15,5.19,13.5,7.96
1250,1991,316,Red maple,1,5,2.02,5.3,8.6
1250,1991,241,N. white cedar,1,5,0.55,1.4,4.5
1250,1996,97,Red spruce,20,100,58.55,49.2,10.36
1250,1996,129,White pine,4,20,53.08,44.6,22.06
1250,1996,316,Red maple,4,20,7.27,6.1,8.16
1251,1988,97,Red spruce,9,45,21.4,49.9,9.34
1251,1988,241,N. white cedar,3,15,13.23,30.9,12.72
1251,1988,999,Unknown/Other,3,15,4.82,11.2,7.68
1251,1988,316,Red maple,1,5,2.02,4.7,8.6
1251,1988,318,Sugar maple,1,5,1.41,3.3,7.2
1251,1991,97,Red spruce,25,125,38.72,60.6,7.54
1251,1991,241,N. white cedar,3,15,14.03,21.9,13.1
1251,1991,999,Unknown/Other,5,25,6.24,9.8,6.76
1251,1991,318,Sugar maple,2,10,2.29,3.6,6.48
1251,1991,316,Red maple,1,5,2.06,3.2,8.7
1251,1991,129,White pine,1,5,0.6,0.9,4.7
1251,1996,97,Red spruce,20,100,37.56,59.7,8.3
1251,1996,241,N. white cedar,2,10,12.64,20.1,15.22
1251,1996,12,Balsam fir,5,25,5.96,9.5,6.61
1251,1996,318,Sugar maple,3,15,2.7,4.3,5.75
1251,1996,316,Red maple,2,10,2.69,4.3,7.03
1251,1996,375,Paper birch,1,5,0.74,1.2,5.2
1251,1996,129,White pine,1,5,0.6,1,4.7
1251,2001,97,Red spruce,10,50,12.02,74.9,6.64
1251,2001,12,Balsam fir,4,20,2.89,18,5.15
1251,2001,129,White pine,1,5,0.58,3.6,4.6
1251,2001,531,Am. beech,1,5,0.55,3.4,4.5
1252,1987,999,Unknown/Other,4,20,2.69,100,4.96
1252,1991,97,Red spruce,9,45,9.79,67.7,6.32
1252,1991,241,N. white cedar,2,10,2.64,18.2,6.95
1252,1991,129,White pine,1,5,1.19,8.2,6.6
1252,1991,318,Sugar maple,1,5,0.86,5.9,5.6
1252,1996,97,Red spruce,19,95,34.16,65.9,8.12
1252,1996,241,N. white cedar,5,25,13.3,25.6,9.88
1252,1996,999,Unknown/Other,1,5,2.06,4,8.7
1252,1996,371,Yellow birch,1,5,1.7,3.3,7.9
1252,1996,12,Balsam fir,1,5,0.63,1.2,4.8
1252,2001,97,Red spruce,48,240,60.81,63,6.82
1252,2001,241,N. white cedar,8,40,18.42,19.1,9.19
1252,2001,375,Paper birch,4,20,9.08,9.4,9.12
1252,2001,12,Balsam fir,6,30,6.59,6.8,6.35
1252,2001,129,White pine,1,5,1.58,1.6,7.6
1253,1987,999,Unknown/Other,17,85,33.17,100,8.46
1253,1991,999,Unknown/Other,32,160,55.47,100,7.97
1253,1996,97,Red spruce,25,125,40.02,65.5,7.66
1253,1996,241,N. white cedar,3,15,6.49,10.6,8.91
1253,1996,12,Balsam fir,2,10,4.32,7.1,8.9
1253,1996,999,Unknown/Other,2,10,3.58,5.9,8.11
1253,1996,125,Red pine,1,5,2.84,4.6,10.2
1253,1996,375,Paper birch,1,5,1.97,3.2,8.5
1253,1996,129,White pine,1,5,1.92,3.1,8.4
1253,2001,241,N. white cedar,11,55,27.73,57.1,9.61
1253,2001,97,Red spruce,6,30,12.55,25.8,8.76
1253,2001,125,Red pine,1,5,4.47,9.2,12.8
1253,2001,999,Unknown/Other,2,10,3.16,6.5,7.62
1253,2001,12,Balsam fir,1,5,0.65,1.3,4.9
1259,1987,371,Yellow birch,2,10,5.53,70.1,10.07
1259,1987,315,Mountain maple,1,5,2.36,29.9,9.3
1259,1992,371,Yellow birch,3,15,8.82,75,10.38
1259,1992,315,Mountain maple,1,5,2.36,20.1,9.3
1259,1992,375,Paper birch,1,5,0.58,4.9,4.6
1259,1997,371,Yellow birch,4,20,4.58,61,6.48
1259,1997,315,Mountain maple,1,5,2.36,31.4,9.3
1259,1997,375,Paper birch,1,5,0.58,7.7,4.6
1259,2002,371,Yellow birch,1,5,5.97,51.1,14.8
1259,2002,375,Paper birch,4,20,5.03,43.1,6.79
1259,2002,12,Balsam fir,1,5,0.68,5.8,5
1260,1987,375,Paper birch,11,55,27.57,46.7,9.59
1260,1987,371,Yellow birch,3,15,14.19,24,13.17
1260,1987,316,Red maple,2,10,7.67,13,11.86
1260,1987,97,Red spruce,3,15,5.32,9,8.06
1260,1987,531,Am. beech,2,10,4.28,7.2,8.86
1260,1992,371,Yellow birch,2,10,15.19,47.7,16.69
1260,1992,375,Paper birch,3,15,6.08,19.1,8.62
1260,1992,97,Red spruce,2,10,4.33,13.6,8.91
1260,1992,531,Am. beech,1,5,2.73,8.6,10
1260,1992,12,Balsam fir,1,5,1.97,6.2,8.5
1260,1992,316,Red maple,1,5,1.53,4.8,7.5
1260,1997,375,Paper birch,11,55,44.66,63.8,12.2
1260,1997,316,Red maple,1,5,9.43,13.5,18.6
1260,1997,97,Red spruce,2,10,4.9,7,9.48
1260,1997,12,Balsam fir,3,15,4.77,6.8,7.64
1260,1997,371,Yellow birch,1,5,3.48,5,11.3
1260,1997,531,Am. beech,1,5,2.73,3.9,10
1261,1987,97,Red spruce,10,50,17.33,91.9,7.97
1261,1987,12,Balsam fir,1,5,1.53,8.1,7.5
1261,1992,97,Red spruce,8,40,9.77,75.3,6.69
1261,1992,12,Balsam fir,2,10,3.2,24.7,7.66
1261,1997,97,Red spruce,30,150,31.61,86.8,6.22
1261,1997,12,Balsam fir,3,15,4.79,13.2,7.65
1261,2002,97,Red spruce,38,190,37.2,83.1,5.99
1261,2002,12,Balsam fir,5,25,7.56,16.9,7.45
1262,1987,375,Paper birch,7,35,35.07,45.9,13.55
1262,1987,371,Yellow birch,6,30,20.25,26.5,11.12
1262,1987,97,Red spruce,7,35,19.7,25.8,10.16
1262,1987,12,Balsam fir,1,5,1.34,1.7,7
1262,1992,375,Paper birch,7,35,37.57,40.9,14.03
1262,1992,97,Red spruce,11,55,24.81,27,9.09
1262,1992,371,Yellow birch,5,25,16.35,17.8,10.95
1262,1992,12,Balsam fir,12,60,13.21,14.4,6.35
1262,1997,12,Balsam fir,7,35,8.68,37.7,6.75
1262,1997,375,Paper birch,2,10,6.6,28.7,11
1262,1997,97,Red spruce,4,20,4.49,19.5,6.41
1262,1997,371,Yellow birch,1,5,2.06,9,8.7
1262,1997,318,Sugar maple,1,5,1.19,5.2,6.6
1262,2002,12,Balsam fir,8,40,10.19,29,6.83
1262,2002,371,Yellow birch,3,15,9.56,27.2,10.81
1262,2002,97,Red spruce,5,25,8.61,24.5,7.95
1262,2002,375,Paper birch,2,10,6.83,19.4,11.19
1263,1987,371,Yellow birch,7,35,47.25,65.8,15.73
1263,1987,315,Mountain maple,4,20,16.94,23.6,12.46
1263,1987,97,Red spruce,2,10,6.33,8.8,10.77
1263,1987,375,Paper birch,1,5,1.34,1.9,7
1263,1992,371,Yellow birch,7,35,50.1,67.3,16.2
1263,1992,315,Mountain maple,4,20,17.2,23.1,12.56
1263,1992,97,Red spruce,1,5,4.82,6.5,13.3
1263,1992,375,Paper birch,1,5,2.31,3.1,9.2
1263,1997,371,Yellow birch,7,35,26.49,59,11.78
1263,1997,315,Mountain maple,4,20,12.22,27.2,10.58
1263,1997,97,Red spruce,3,15,3.57,7.9,6.6
1263,1997,375,Paper birch,1,5,2.62,5.8,9.8
1263,2002,371,Yellow birch,7,35,39.24,67.4,14.34
1263,2002,315,Mountain maple,6,30,14.35,24.6,9.36
1263,2002,97,Red spruce,3,15,3.88,6.7,6.88
1263,2002,375,Paper birch,1,5,0.74,1.3,5.2
1272,1987,97,Red spruce,2,10,7.61,51,11.82
1272,1987,12,Balsam fir,1,5,3.73,25,11.7
1272,1987,375,Paper birch,2,10,3.59,24.1,8.12
1272,1992,97,Red spruce,3,15,10.51,42.5,11.34
1272,1992,375,Paper birch,7,35,10.02,40.5,7.24
1272,1992,12,Balsam fir,4,20,4.2,17,6.21
1272,1997,97,Red spruce,3,15,11.86,46.2,12.04
1272,1997,375,Paper birch,4,20,7.99,31.2,8.56
1272,1997,12,Balsam fir,3,15,5.8,22.6,8.42
1272,2002,97,Red spruce,3,15,11.86,39.7,12.04
1272,2002,375,Paper birch,6,30,10.26,34.4,7.92
1272,2002,12,Balsam fir,6,30,7.73,25.9,6.87
1273,1987,371,Yellow birch,11,55,54.51,75.9,13.48
1273,1987,315,Mountain maple,6,30,14.06,19.6,9.27
1273,1987,97,Red spruce,1,5,3.24,4.5,10.9
1273,1992,371,Yellow birch,11,55,40.45,61.5,11.61
1273,1992,315,Mountain maple,11,55,22.04,33.5,8.57
1273,1992,97,Red spruce,1,5,3.24,4.9,10.9
1273,1997,371,Yellow birch,8,40,38.24,74.8,13.24
1273,1997,315,Mountain maple,3,15,9.6,18.8,10.83
1273,1997,97,Red spruce,1,5,3.3,6.5,11
1273,2002,371,Yellow birch,8,40,21.52,48.1,9.93
1273,2002,315,Mountain maple,9,45,19.89,44.5,9
1273,2002,97,Red spruce,1,5,3.3,7.4,11
1274,1987,371,Yellow birch,9,45,36.02,100,12.11
1274,1992,371,Yellow birch,18,90,44.57,94.2,9.53
1274,1992,315,Mountain maple,4,20,2.73,5.8,5
1274,1997,371,Yellow birch,9,45,42.42,97.5,13.15
1274,1997,315,Mountain maple,1,5,1.08,2.5,6.3
1274,2002,371,Yellow birch,15,75,15.58,91.4,6.17
1274,2002,315,Mountain maple,2,10,1.46,8.6,5.17
1275,1987,12,Balsam fir,1,5,2.16,100,8.9
1275,1992,12,Balsam fir,26,130,25.77,100,6.03
1275,1997,12,Balsam fir,23,115,24.77,100,6.28
1275,2002,12,Balsam fir,30,150,31.09,100,6.16
1276,1987,12,Balsam fir,2,10,7.21,100,11.5
1276,1992,12,Balsam fir,6,30,12.83,71.2,8.86
1276,1992,375,Paper birch,1,5,3.61,20,11.5
1276,1992,371,Yellow birch,1,5,1.58,8.7,7.6
1277,1987,12,Balsam fir,6,30,18.16,94.5,10.53
1277,1987,371,Yellow birch,1,5,1.05,5.5,6.2
1277,1992,12,Balsam fir,4,20,12.41,92.2,10.66
1277,1992,371,Yellow birch,1,5,1.05,7.8,6.2
1277,1997,12,Balsam fir,4,20,12.41,92.2,10.66
1277,1997,371,Yellow birch,1,5,1.05,7.8,6.2
1277,2002,12,Balsam fir,4,20,12.41,100,10.66
1278,1987,12,Balsam fir,9,45,19.29,69.7,8.87
1278,1987,371,Yellow birch,2,10,3.89,14.1,8.44
1278,1987,97,Red spruce,2,10,2.95,10.7,7.36
1278,1987,375,Paper birch,1,5,1.53,5.5,7.5
1278,1992,12,Balsam fir,8,40,17.64,55,8.99
1278,1992,371,Yellow birch,3,15,5.29,16.5,8.04
1278,1992,375,Paper birch,5,25,5.12,16,6.13
1278,1992,97,Red spruce,3,15,4,12.5,6.99
1278,1997,12,Balsam fir,8,40,17.64,39,8.99
1278,1997,375,Paper birch,9,45,12.22,27,7.06
1278,1997,97,Red spruce,6,30,8.5,18.8,7.21
1278,1997,371,Yellow birch,3,15,6.89,15.2,9.17
1278,2002,375,Paper birch,10,50,12.28,44.7,6.71
1278,2002,97,Red spruce,6,30,10.2,37.1,7.89
1278,2002,371,Yellow birch,2,10,5,18.2,9.57
1284,1987,316,Red maple,9,45,21.27,31.1,9.31
1284,1987,97,Red spruce,5,25,16.99,24.9,11.16
1284,1987,371,Yellow birch,5,25,15.98,23.4,10.82
1284,1987,12,Balsam fir,3,15,10.58,15.5,11.37
1284,1987,315,Mountain maple,2,10,3.49,5.1,8
1284,1991,316,Red maple,12,60,28.87,32.8,9.39
1284,1991,371,Yellow birch,7,35,20.45,23.2,10.35
1284,1991,97,Red spruce,5,25,18.5,21,11.65
1284,1991,12,Balsam fir,4,20,12.26,13.9,10.6
1284,1991,315,Mountain maple,5,25,7.24,8.2,7.29
1284,1991,375,Paper birch,1,5,0.8,0.9,5.4
1284,1996,316,Red maple,9,45,24.33,30.9,9.96
1284,1996,371,Yellow birch,5,25,20.14,25.6,12.15
1284,1996,97,Red spruce,5,25,18.66,23.7,11.7
1284,1996,315,Mountain maple,2,10,7.81,9.9,11.96
1284,1996,12,Balsam fir,3,15,7.7,9.8,9.7
1284,2001,371,Yellow birch,6,30,34.33,35.1,14.48
1284,2001,316,Red maple,11,55,28.42,29.1,9.73
1284,2001,315,Mountain maple,8,40,15.48,15.8,8.42
1284,2001,97,Red spruce,5,25,14.84,15.2,10.43
1284,2001,12,Balsam fir,1,5,2.57,2.6,9.7
1284,2001,375,Paper birch,1,5,2.06,2.1,8.7
1285,1987,371,Yellow birch,3,15,11.09,38.1,11.64
1285,1987,12,Balsam fir,5,25,7.39,25.4,7.36
1285,1987,97,Red spruce,2,10,5.04,17.3,9.62
1285,1987,316,Red maple,1,5,3.01,10.3,10.5
1285,1987,375,Paper birch,1,5,2.57,8.8,9.7
1285,1991,12,Balsam fir,13,65,15.1,34.2,6.53
1285,1991,371,Yellow birch,4,20,14.41,32.6,11.49
1285,1991,97,Red spruce,5,25,7.99,18.1,7.66
1285,1991,375,Paper birch,2,10,3.68,8.3,8.21
1285,1991,316,Red maple,1,5,3.01,6.8,10.5
1285,1996,97,Red spruce,10,50,16.49,31.3,7.78
1285,1996,12,Balsam fir,12,60,16.16,30.7,7.03
1285,1996,371,Yellow birch,4,20,14.08,26.8,11.36
1285,1996,316,Red maple,1,5,3.18,6,10.8
1285,1996,375,Paper birch,1,5,2.73,5.2,10
1285,2001,12,Balsam fir,9,45,7.96,80.8,5.69
1285,2001,97,Red spruce,2,10,1.31,13.3,4.9
1285,2001,375,Paper birch,1,5,0.58,5.9,4.6
1286,1987,371,Yellow birch,10,50,23.55,56.4,9.29
1286,1987,316,Red maple,3,15,8.31,19.9,10.08
1286,1987,12,Balsam fir,4,20,8.22,19.7,8.68
1286,1987,97,Red spruce,1,5,1.7,4.1,7.9
1286,1991,371,Yellow birch,13,65,28.35,55.5,8.94
1286,1991,12,Balsam fir,5,25,10.05,19.7,8.59
1286,1991,316,Red maple,4,20,9.67,18.9,9.42
1286,1991,97,Red spruce,2,10,3,5.9,7.42
1286,1996,371,Yellow birch,11,55,25.64,46.9,9.24
1286,1996,97,Red spruce,12,60,14.82,27.1,6.73
1286,1996,12,Balsam fir,6,30,7.68,14,6.85
1286,1996,316,Red maple,3,15,6.53,11.9,8.93
1286,2001,371,Yellow birch,11,55,27.36,49.1,9.55
1286,2001,97,Red spruce,7,35,18.65,33.5,9.88
1286,2001,316,Red maple,4,20,5.55,10,7.13
1286,2001,12,Balsam fir,2,10,4.13,7.4,8.71
1287,1987,371,Yellow birch,6,30,21.78,100,11.54
1287,1991,371,Yellow birch,6,30,28.34,97.5,13.16
1287,1991,97,Red spruce,1,5,0.74,2.5,5.2
1287,1996,371,Yellow birch,8,40,31.44,94,12.01
1287,1996,97,Red spruce,2,10,2,6,6.05
1287,2001,371,Yellow birch,6,30,28.69,76.1,13.24
1287,2001,97,Red spruce,8,40,8.44,22.4,6.22
1287,2001,375,Paper birch,1,5,0.58,1.5,4.6
