SPCD,FORM,A,B,C,CWMAX,DBHMAX
10,2,4.4947,0.572,0,0,0
11,1,4,1.5,0,0,999.99
12,2,4.4947,0.572,0,0,0
15,1,6.188,1.0069,0,0,0
16,1,2.42123,0.803796,0.00265417,66,0
17,1,6.188,1.0069,0,0,0
18,1,4.71009,1.49874,0,0,0
19,1,4,1.5,0,0,0
20,1,3.0884,0.7871,0,0,0
21,1,3.0884,0.7871,0,0,0
22,1,3.6883,0.8627,0,0,0
41,1,4,1.65,0,0,0
42,1,4,1.65,0,0,0
43,2,5.3477,0.436,0,0,0
50,1,4.6198,1.8426,-0.01131,0,81.45
51,1,4.6198,1.8426,-0.01131,0,81.45
52,1,4.6198,1.8426,-0.01131,0,81.45
54,1,4.6198,1.8426,-0.01131,0,81.45
55,1,4.6198,1.8426,-0.01131,0,81.45
56,1,4.6198,1.8426,-0.01131,0,81.45
57,1,2.42123,0.803796,0.00265417,66,0
58,1,2.42123,0.803796,0.00265417,66,0
59,1,2.42123,0.803796,0.00265417,66,0
60,1,2.42123,0.803796,0.00265417,66,0
61,1,2.42123,0.803796,0.00265417,66,0
62,1,2.42123,0.803796,0.00265417,66,0
63,1,3.26749,1.42281,0,0,0
64,1,3.26749,1.42281,0,0,0
65,1,3.26749,1.42281,0,0,0
66,1,3.26749,1.42281,0,0,0
67,1,2.42123,0.803796,0.00265417,66,0
68,2,8.00515,0.408,0,0,0
69,1,3.26749,1.42281,0,0,0
70,1,2.42123,0.803796,0.00265417,66,0
71,1,2.42123,0.803796,0.00265417,66,0
72,1,3.48515,1.34258,0,0,0
73,1,3,1.37,0,0,0
81,1,3.2837,1.2031,-0.0071858,0,0
90,2,4.4947,0.572,0,0,0
91,1,5.057,1.1313,0,47,0
92,1,6.5,1.8,0,0,0
93,1,4,1.2,0,0,0
94,2,4.9212,0.496,0,0,0
95,2,1.75523,0.742,0,0,0
96,1,3.26749,1.42281,0,0,0
97,2,5.90544,0.461,0,0,0
98,1,6.5,1.8,0,0,81.45
101,1,3.26749,1.42281,0,0,0
102,1,3.26749,1.42281,0,0,0
103,1,6,0.6,0,0,0
104,1,4.6198,1.8426,-0.01131,0,81.45
105,2,4.06819,0.585,0,0,0
106,1,4.07906,1.49874,0,0,0
107,1,3.26749,1.42281,0,0,0
108,1,3.2095,1.2633,-0.0082873,0,0
109,1,4.6198,1.8426,-0.01131,0,81.45
110,1,8,1.5,0,45,0
111,1,8,1.5,0,50,0
112,1,4.6198,1.8426,-0.01131,0,81.45
113,1,3.26749,1.42281,0,0,0
114,1,3.26749,1.42281,0,0,0
115,1,8,1.5,0,45,0
116,1,5.303,0.9293,0,0,81.45
117,1,4.6601,1.0702,0,0,0
118,1,4.07906,1.2484,0,0,0
119,1,3.2095,1.2633,-0.0082873,0,81.45
120,1,4.6198,1.8426,-0.01131,0,81.45
121,1,8,1.5,0,50,0
122,1,3.4835,1.343,-0.0082544,0,81.45
123,1,3.26749,1.42281,0,0,0
124,1,6,0.6,0,0,0
125,2,4.06819,0.585,0,0,0
126,1,3.26749,1.42281,0,0,0
127,1,4.6198,1.8426,-0.01131,0,81.45
128,1,3.26749,1.42281,0,0,0
129,2,4.06819,0.585,0,0,0
130,1,3.26749,1.42281,0,0,0
131,1,2.42123,0.803796,0.00265417,66,0
132,1,3.26749,1.42281,0,0,0
133,1,3.26749,1.42281,0,0,0
134,1,4.07906,1.49874,0,0,0
135,1,4.6198,1.8426,-0.01131,0,81.45
136,1,2.42123,0.803796,0.00265417,66,0
137,1,4.6198,1.8426,-0.01131,0,81.45
140,1,2.42123,0.803796,0.00265417,66,0
141,1,2.42123,0.803796,0.00265417,66,0
142,1,3.26749,1.42281,0,0,0
143,1,4.07906,1.49874,0,0,0
201,1,4.6198,1.8426,-0.01131,0,81.45
202,1,4.7071,1.8917,-0.01132,0,81.45
211,1,3.08861,0.788148,0,0,0
212,1,6,0.6,0,0,0
221,2,5.3477,0.436,0,0,0
222,2,5.3477,0.436,0,0,0
231,1,4,1.65,0,0,999.99
241,2,5.3477,0.436,0,66,0
242,1,4,1.65,0,0,999.99
251,1,2,1.5,0,0,0
260,2,8.00515,0.408,0,0,0
261,2,8.00515,0.408,0,0,0
262,2,8.00515,0.408,0,0,0
263,1,4.5652,1.4147,0,0,999.99
264,1,6.71,0.421,0,0,0
300,1,4.0953,2.3849,-0.01163,0,102.53
303,1,4.0953,2.3849,-0.01163,0,102.53
310,1,8,1.5,0,0,0
311,1,8,1.5,0,0,0
312,1,3.0786,1.9242,0,0,102.53
313,1,4.07906,1.4189,0,0,0
314,1,8,1.5,0,0,0
315,1,4.07906,1.4189,0,0,0
316,2,7.11934,0.491,0,0,0
317,2,7.11934,0.491,0,0,0
318,1,8,1.5,0,0,0
319,1,4.07906,1.4189,0,0,0
320,1,8,1.5,0,0,0
321,1,4.07906,1.64853,0,0,0
322,1,3.36368,2.02589,0,0,0
323,1,8,1.5,0,0,0
330,2,7.11934,0.491,0,0,0
331,2,7.11934,0.491,0,0,0
332,1,4.07906,1.4189,0,0,0
333,1,2,1.5,0,0,0
334,2,7.11934,0.491,0,0,0
337,2,7.11934,0.491,0,0,0
341,1,4.07906,1.4189,0,0,0
345,1,4.07906,1.4189,0,0,0
351,1,8,1.53,0,0,0
352,1,8.00001,1.53,0,0,0
353,1,4.0953,2.3849,-0.01163,0,102.53
355,1,4.07906,1.4189,0,0,0
356,1,4.07906,1.4189,0,0,0
357,1,4.07906,1.4189,0,0,0
358,1,4.07906,1.4189,0,0,0
361,1,3.4299,1.3532,0,0,0
362,1,4.0953,2.3849,-0.01163,0,102.53
363,1,4.0953,2.3849,-0.01163,0,102.53
367,1,4.07906,1.4189,0,0,0
370,2,7.11934,0.491,0,0,0
371,2,13.2544,0.308,0,0,0
372,1,8,1.5,0,0,0
373,2,7.11934,0.491,0,0,0
374,1,4.0953,2.3849,-0.01163,0,102.53
375,2,4.85558,0.623,0,0,0
379,2,7.34899,0.382,0,0,0
381,1,4.07906,1.4189,0,0,0
391,1,4.07906,1.4189,0,0,0
400,1,4.51,1.67,0,52,0
401,1,4.51,1.67,0,52,0
402,1,4.51,1.67,0,52,0
403,1,4.51,1.67,0,52,0
404,1,4.51,1.67,0,52,0
405,1,4.51,1.67,0,52,0
406,1,4.51,1.67,0,52,0
407,1,4.51,1.67,0,52,0
408,1,4.51,1.67,0,52,0
409,1,4.51,1.67,0,52,0
410,1,4.51,1.67,0,52,0
412,1,4.51,1.67,0,52,0
413,1,4.51,1.67,0,52,0
421,1,4.07906,1.4189,0,0,0
422,2,7.11934,0.491,0,0,0
423,1,4.07906,1.4189,0,0,0
424,1,4.07906,1.4189,0,0,0
431,1,2.9794,1.5512,-0.014161,0,0
450,1,8,1.5,0,0,0
451,1,4.07906,1.4189,0,0,0
452,2,7.11934,0.491,0,0,0
460,2,7.11934,0.491,0,0,0
461,2,7.11934,0.491,0,0,0
462,2,7.11934,0.491,0,0,0
463,2,7.11934,0.491,0,0,0
471,1,4.07906,1.4189,0,0,0
475,1,3.36368,2.02589,0,0,0
481,1,4.07906,1.4189,0,0,0
491,1,8,1.5,0,0,0
492,1,2.97939,1.55124,-0.01416,0,54.77
500,1,2.97939,1.55124,-0.01416,0,54.77
501,1,4.07906,1.4189,0,0,0
502,1,4.07906,1.4189,0,0,0
509,1,4.07906,1.4189,0,0,0
510,1,4.0953,2.3849,-0.01163,0,102.53
511,1,4.0953,2.3849,-0.01163,0,102.53
513,1,4.07906,1.4189,0,0,0
520,1,4.07906,1.4189,0,0,0
521,1,8,1.5,0,0,0
522,1,4.07906,1.4189,0,0,0
523,1,4.0953,2.3849,-0.01163,0,102.53
531,2,9.61274,0.434,0,0,0
540,1,4.07906,1.4189,0,0,0
541,1,4.07906,1.4189,0,0,0
542,1,0.5,1.62,0,0,0
543,1,4.07906,1.4189,0,0,0
544,1,4.07906,1.4189,0,0,0
545,1,4.07906,1.4189,0,0,0
546,1,4.07906,1.4189,0,0,0
547,1,4.0953,2.3849,-0.01163,0,102.53
548,1,4.07906,1.4189,0,0,0
549,1,4.07906,1.4189,0,0,0
551,1,8,1.5,0,0,0
552,1,8,1.5,0,0,0
555,2,7.11934,0.491,0,0,0
561,1,4.07906,1.4189,0,0,0
571,1,8,1.5,0,0,0
580,2,7.11934,0.491,0,0,0
581,2,7.11934,0.491,0,0,0
582,2,7.11934,0.491,0,0,0
591,1,8,1.5,0,0,0
600,1,2,1.5,0,0,0
601,2,7.11934,0.491,0,0,0
602,1,8,1.5,0,0,0
603,1,4.0953,2.3849,-0.01163,0,102.53
604,1,4.0953,2.3849,-0.01163,0,102.53
605,2,7.11934,0.491,0,0,0
606,1,4.0953,2.3849,-0.01163,0,102.53
611,2,7.11934,0.491,0,0,0
621,2,13.2544,0.308,0,0,0
631,1,4.4443,1.704,0,0,0
641,1,4.07906,1.4189,0,0,0
650,2,7.11934,0.491,0,0,0
651,2,7.11934,0.491,0,0,0
652,2,7.11934,0.491,0,0,0
653,2,7.11934,0.491,0,0,0
654,1,4.07906,1.4189,0,0,0
655,2,7.11934,0.491,0,0,0
658,2,7.11934,0.491,0,0,0
660,1,4.07906,1.4189,0,0,0
661,1,4.07906,1.4189,0,0,0
662,1,4.07906,1.4189,0,0,0
663,1,4.07906,1.4189,0,0,0
664,1,4.07906,1.4189,0,0,0
680,1,8,1.5,0,0,0
681,1,8,1.5,0,0,0
682,1,8,1.5,0,0,0
683,1,8,1.5,0,0,0
690,1,4.07906,1.4189,0,0,0
691,1,4.07906,1.4189,0,0,0
692,1,4.07906,1.4189,0,0,0
693,1,4.07906,1.4189,0,0,0
694,1,4.07906,1.4189,0,0,0
701,1,4.07906,1.4189,0,0,0
711,1,4.07906,1.4189,0,0,0
712,2,7.11934,0.491,0,0,0
721,2,7.11934,0.491,0,0,0
722,1,4.07906,1.4189,0,0,0
730,1,2,1.5,0,0,0
731,2,7.11934,0.491,0,0,0
732,1,4.0953,2.3849,-0.01163,0,102.53
740,1,4.07906,1.4189,0,0,0
741,1,4.07906,1.4189,0,0,0
742,2,4.29785,0.586,0,0,0
743,2,4.29785,0.586,0,0,0
744,2,4.29785,0.586,0,0,0
745,1,4.07906,1.4189,0,0,0
746,2,4.29785,0.586,0,0,0
747,1,0.5,1.62,0,0,0
748,1,4.07906,1.4189,0,0,0
749,1,4.07906,1.4189,0,0,0
752,2,4.29785,0.586,0,0,0
753,2,4.29785,0.586,0,0,0
755,1,4.0953,2.3849,-0.01163,0,102.53
756,1,4.0953,2.3849,-0.01163,0,102.53
757,1,4.0953,2.3849,-0.01163,0,102.53
758,1,4.0953,2.3849,-0.01163,0,102.53
760,1,3.36368,2.02589,0,0,0
761,1,4.07906,1.4189,0,0,0
762,2,7.11934,0.491,0,0,0
763,1,4.07906,1.4189,0,0,0
764,1,4.07906,1.4189,0,0,0
765,1,4.07906,1.4189,0,0,0
766,1,4.07906,1.4189,0,0,0
768,1,8,1.53,0,0,54.77
769,1,4.07906,1.4189,0,0,0
770,1,4.07906,1.4189,0,0,0
771,1,4.07906,1.4189,0,0,0
772,1,4.07906,1.4189,0,0,0
773,1,4.0953,2.3849,-0.01163,0,102.53
800,1,1.8,1.883,0,69,0
801,1,3.0786,1.9242,0,0,0
802,1,1.8,1.883,0,69,0
803,1,4.07906,1.19853,0,0,0
804,1,1.8,1.883,0,69,0
805,1,5,1.69,0,0,0
806,2,13.3857,0.31,0,0,0
807,1,3.0786,1.9242,0,0,0
808,1,1.8,1.883,0,69,0
809,2,13.3857,0.31,0,0,0
810,1,4.07906,1.19853,0,0,0
811,1,2,1.5,0,0,0
812,2,13.3857,0.31,0,0,0
813,2,13.3857,0.31,0,0,0
814,1,4.07906,1.19853,0,0,0
815,1,3.0786,1.9242,0,0,0
816,1,4.07906,1.4189,0,0,0
817,2,13.3857,0.31,0,0,0
818,1,3.3625,2.0303,-0.0073307,0,0
819,1,4.07906,1.4189,0,0,0
820,2,13.3857,0.31,0,0,0
821,1,3.0786,1.9242,0,0,0
822,1,1.8,1.883,0,69,0
823,1,4.07906,1.19853,0,0,0
824,2,13.3857,0.31,0,0,0
825,1,1.8,1.883,0,69,0
826,1,1.8,1.883,0,69,0
827,2,13.3857,0.31,0,0,0
828,2,13.3857,0.31,0,0,0
829,1,4.0953,2.3849,-0.01163,0,102.53
830,2,13.3857,0.31,0,0,0
831,2,13.3857,0.31,0,0,0
832,1,1.8,1.883,0,69,0
833,2,13.3857,0.31,0,0,0
834,2,13.3857,0.31,0,0,0
835,1,1.8,1.883,0,69,0
836,1,1.8,1.883,0,69,0
837,1,4.51,1.67,0,52,0
838,1,1.8,1.883,0,69,0
839,1,2,1.5,0,0,0
840,1,1.8,1.883,0,69,0
841,1,1.8,1.883,0,69,0
842,1,4.07906,1.4189,0,0,0
843,1,4.07906,1.19853,0,0,0
844,1,1.8,1.883,0,69,0
845,1,4.07906,1.4189,0,0,0
846,1,4.0953,2.3849,-0.01163,0,102.53
847,1,4.0953,2.3849,-0.01163,0,102.53
851,2,13.3857,0.31,0,0,0
853,1,4.07906,1.4189,0,0,0
854,1,4.07906,1.4189,0,0,0
855,1,2.42123,0.803796,0.00265417,66,0
857,1,4.07906,1.4189,0,0,0
858,1,4.07906,1.4189,0,0,0
860,1,4.07906,1.4189,0,0,0
863,1,4.07906,1.4189,0,0,0
865,1,4.07906,1.4189,0,0,0
867,1,4.0953,2.3849,-0.01163,0,102.53
868,1,8,1.5,0,0,0
869,1,4.07906,1.4189,0,0,0
870,1,8,1.5,0,0,0
873,1,4.07906,1.4189,0,0,0
876,1,4.07906,1.4189,0,0,0
882,1,4.07906,1.4189,0,0,0
886,1,4.07906,1.4189,0,0,0
891,1,4.07906,1.4189,0,0,0
897,1,4.07906,1.4189,0,0,0
901,1,8,1.5,0,0,0
902,1,4.0953,2.3849,-0.01163,0,102.53
907,1,4.07906,1.4189,0,0,0
909,1,4.07906,1.4189,0,0,0
912,1,4.07906,1.4189,0,0,0
913,1,4.07906,1.4189,0,0,0
915,1,4.07906,1.4189,0,0,0
919,1,4.07906,1.4189,0,0,0
920,1,8,1.53,0,0,54.77
921,1,4.07906,1.4189,0,0,0
922,2,7.11934,0.491,0,0,0
923,1,4.07906,1.4189,0,0,0
925,1,4.07906,1.4189,0,0,0
926,1,4.0953,2.3849,-0.01163,0,102.53
927,2,7.11934,0.491,0,0,0
929,2,7.11934,0.491,0,0,0
931,2,7.11934,0.491,0,0,0
934,1,4.07906,1.4189,0,0,0
935,1,4.07906,1.4189,0,0,0
936,1,4.07906,1.4189,0,0,0
937,1,4.07906,1.4189,0,0,0
940,1,4.07906,1.4189,0,0,0
950,1,4.07906,1.4189,0,0,0
951,1,4.07906,1.4189,0,0,0
952,1,4.07906,1.4189,0,0,0
953,1,4.07906,1.4189,0,0,0
970,2,7.11934,0.491,0,0,0
971,2,7.11934,0.491,0,0,0
972,2,7.11934,0.491,0,0,0
973,2,7.11934,0.491,0,0,0
974,2,7.11934,0.491,0,0,0
975,2,7.11934,0.491,0,0,0
976,2,7.11934,0.491,0,0,0
977,1,8,1.5,0,0,0
981,1,2,1.5,0,0,0
986,1,4.07906,1.4189,0,0,0
987,1,4.07906,1.4189,0,0,0
988,1,4.07906,1.4189,0,0,0
989,1,4.07906,1.4189,0,0,0
990,1,4.0953,2.3849,-0.01163,0,102.53
992,2,7.11934,0.491,0,0,0
993,1,4.07906,1.4189,0,0,0
994,1,4.07906,1.4189,0,0,0
995,1,4.07906,1.4189,0,0,0
996,1,4.07906,1.4189,0,0,0
997,1,4.07906,1.4189,0,0,0
998,1,4.07906,1.4189,0,0,0
999,1,3.5,2,0,0,0
5092,1,4.0953,2.3849,-0.01163,0,102.53
5146,2,7.11934,0.491,0,0,0
5147,2,7.11934,0.491,0,0,0
5151,2,7.11934,0.491,0,0,0
5203,2,7.11934,0.491,0,0,0
5260,2,7.11934,0.491,0,0,0
5491,1,4.07906,1.4189,0,0,0
6262,1,8.00001,1.53,0,0,0
6434,1,8.00001,1.53,0,0,0
6511,2,7.11934,0.491,0,0,0
6516,2,7.11934,0.491,0,0,0
6535,1,8.00001,1.53,0,0,0
6696,2,7.11934,0.491,0,0,0
6708,1,4.07906,1.4189,0,0,0
6748,2,7.11934,0.491,0,0,0
6782,2,7.11934,0.491,0,0,0
6791,2,7.11934,0.491,0,0,0
6797,2,7.11934,0.491,0,0,0
6799,2,7.11934,0.491,0,0,0
6918,2,7.11934,0.491,0,0,0
6955,2,7.11934,0.491,0,0,0
7060,1,8.00001,1.53,0,0,0
7181,2,7.11934,0.491,0,0,0
7454,1,8.00001,1.53,0,0,0
7455,1,8.00001,1.53,0,0,0
7469,2,7.11934,0.491,0,0,0
7565,1,8.00001,1.53,0,0,0
7577,2,7.11934,0.491,0,0,0
7578,2,7.11934,0.491,0,0,0
7651,2,7.11934,0.491,0,0,0
7845,1,8.00001,1.53,0,0,0
7912,1,8.00001,1.53,0,0,0
8296,2,7.11934,0.491,0,0,0
8345,2,7.11934,0.491,0,0,0
8355,1,8.00001,1.53,0,0,0
8357,2,7.11934,0.491,0,0,0
8420,2,7.11934,0.491,0,0,0
8421,2,7.11934,0.491,0,0,0
8423,2,7.11934,0.491,0,0,0
8427,2,7.11934,0.491,0,0,0
8441,2,7.11934,0.491,0,0,0
8449,2,7.11934,0.491,0,0,0
8487,2,7.11934,0.491,0,0,0
8511,2,13.3857,0.31,0,0,0
8513,2,13.3857,0.31,0,0,0
8514,2,13.3857,0.31,0,0,0
8529,1,8.00001,1.53,0,0,0
8563,1,8.00001,1.53,0,0,0
8612,2,7.11934,0.491,0,0,0
8651,1,1.8,1.883,0,69,0
8813,2,7.11934,0.491,0,0,0
8860,2,7.11934,0.491,0,0,0
8901,1,8.00001,1.53,0,0,0
8944,2,7.11934,0.491,0,0,0
