PLOT,STATE,MEASYEAR1,MEASYEAR2,PERIOD_YR,variant,config,BA_PRED,TPA_PRED,QMD_PRED,MCuFt_PRED,BdFt_PRED,BA_OBS,MCuFt_OBS,BdFt_OBS
65168045010538,36,2004,2010,6,ne,dg_only,35.417144775390625,59.08415222167969,10.483529090881348,728.1835327148438,1154.6148681640625,36.14014914653864,581.49814810404,1269.067480323954
65168045010538,36,2004,2010,6,ne,dg_hg_organon,35.417144775390625,59.08415222167969,10.483529090881348,728.1835327148438,1154.6148681640625,36.14014914653864,581.49814810404,1269.067480323954
65168045010538,36,2004,2010,6,ne,dg_hg_clim,35.417144775390625,59.08415222167969,10.483529090881348,728.1835327148438,1154.6148681640625,36.14014914653864,581.49814810404,1269.067480323954
65168045010538,36,2004,2010,6,ne,full_dg_hg_organon_crw,35.417144775390625,59.08415222167969,10.483529090881348,728.1835327148438,1154.6148681640625,36.14014914653864,581.49814810404,1269.067480323954
65168045010538,36,2004,2010,6,ne,full_dg_hg_clim_crw,35.417144775390625,59.08415222167969,10.483529090881348,728.1835327148438,1154.6148681640625,36.14014914653864,581.49814810404,1269.067480323954
65168045010538,36,2004,2010,6,ne,hg_organon_crw,35.417144775390625,59.08415222167969,10.483529090881348,728.1835327148438,1154.6148681640625,36.14014914653864,581.49814810404,1269.067480323954
247056940010661,24,2012,2019,7,ne,hg_organon_crw,52.77355194091797,124.54698944091797,8.814098358154297,1091.4744873046875,2941.27294921875,72.70805488944526,934.288203203282,2453.506850757968
171929084020004,33,2014,2021,7,ne,dg_only,90.19153594970703,171.1001739501953,9.830913543701172,2385.98876953125,3985.2158203125,130.6981312106349,2301.495456133962,4642.618655911598
171929084020004,33,2014,2021,7,ne,dg_hg_organon,90.20223236083984,171.10008239746094,9.831501960754395,2486.33935546875,4244.041015625,130.6981312106349,2301.495456133962,4642.618655911598
171929084020004,33,2014,2021,7,ne,dg_hg_clim,90.18612670898438,171.10028076171875,9.830617904663086,2397.6416015625,4069.144775390625,130.6981312106349,2301.495456133962,4642.618655911598
171929084020004,33,2014,2021,7,ne,full_dg_hg_organon_crw,90.20223236083984,171.10008239746094,9.831501960754395,2486.33935546875,4244.041015625,130.6981312106349,2301.495456133962,4642.618655911598
171929084020004,33,2014,2021,7,ne,full_dg_hg_clim_crw,90.18612670898438,171.10028076171875,9.830617904663086,2397.6416015625,4069.144775390625,130.6981312106349,2301.495456133962,4642.618655911598
171929084020004,33,2014,2021,7,ne,hg_organon_crw,90.20223236083984,171.10008239746094,9.831501960754395,2486.33935546875,4244.041015625,130.6981312106349,2301.495456133962,4642.618655911598
168990062010661,36,2010,2015,5,ne,dg_only,141.4488525390625,158.55870056152344,12.789128303527832,4350.23876953125,17442.568359375,164.23947759328027,4271.18459801562,17789.069366542975
168990062010661,36,2010,2015,5,ne,dg_hg_organon,141.433837890625,158.5650177001953,12.78819751739502,4430.259765625,17981.43359375,164.23947759328027,4271.18459801562,17789.069366542975
168990062010661,36,2010,2015,5,ne,dg_hg_clim,141.4466094970703,158.55955505371094,12.788993835449219,4348.30810546875,17534.3359375,164.23947759328027,4271.18459801562,17789.069366542975
168990062010661,36,2010,2015,5,ne,full_dg_hg_organon_crw,141.433837890625,158.5650177001953,12.78819751739502,4430.259765625,17981.43359375,164.23947759328027,4271.18459801562,17789.069366542975
168990062010661,36,2010,2015,5,ne,full_dg_hg_clim_crw,141.4466094970703,158.55955505371094,12.788993835449219,4348.30810546875,17534.3359375,164.23947759328027,4271.18459801562,17789.069366542975
168990062010661,36,2010,2015,5,ne,hg_organon_crw,141.433837890625,158.5650177001953,12.78819751739502,4430.259765625,17981.43359375,164.23947759328027,4271.18459801562,17789.069366542975
58336932010538,42,2002,2007,5,ne,hg_organon_crw,150.49217224121094,160.23080444335938,13.122611999511719,5194.5205078125,21081.984375,147.81730553223446,4299.626768064382,16607.94188931
222518005010661,23,2011,2016,5,ne,dg_only,97.82026672363281,190.1112823486328,9.712851524353027,2466.5986328125,6310.13525390625,113.84453714782113,2175.64570506311,5961.701839711436
222518005010661,23,2011,2016,5,ne,dg_hg_organon,97.81525421142578,190.1114501953125,9.71259880065918,2558.214111328125,6548.20166015625,113.84453714782113,2175.64570506311,5961.701839711436
222518005010661,23,2011,2016,5,ne,dg_hg_clim,97.81761169433594,190.11138916015625,9.71271800994873,2494.255126953125,6291.20849609375,113.84453714782113,2175.64570506311,5961.701839711436
222518005010661,23,2011,2016,5,ne,full_dg_hg_organon_crw,97.81525421142578,190.1114501953125,9.71259880065918,2558.214111328125,6548.20166015625,113.84453714782113,2175.64570506311,5961.701839711436
222518005010661,23,2011,2016,5,ne,full_dg_hg_clim_crw,97.81761169433594,190.11138916015625,9.71271800994873,2494.255126953125,6291.20849609375,113.84453714782113,2175.64570506311,5961.701839711436
222518005010661,23,2011,2016,5,ne,hg_organon_crw,97.81525421142578,190.1114501953125,9.71259880065918,2558.214111328125,6548.20166015625,113.84453714782113,2175.64570506311,5961.701839711436
306265316489998,36,2016,2023,7,ne,dg_only,103.76045227050781,294.857177734375,8.03242015838623,2232.93115234375,1854.9383544921875,139.8301726657132,2339.356193147208,2107.886274399906
306265316489998,36,2016,2023,7,ne,dg_hg_organon,103.76325988769531,294.85693359375,8.032530784606934,2344.89453125,1943.5633544921875,139.8301726657132,2339.356193147208,2107.886274399906
306265316489998,36,2016,2023,7,ne,dg_hg_clim,103.76045227050781,294.857177734375,8.03242015838623,2232.93115234375,1854.9383544921875,139.8301726657132,2339.356193147208,2107.886274399906
306265316489998,36,2016,2023,7,ne,full_dg_hg_organon_crw,103.76325988769531,294.85693359375,8.032530784606934,2344.89453125,1943.5633544921875,139.8301726657132,2339.356193147208,2107.886274399906
306265316489998,36,2016,2023,7,ne,full_dg_hg_clim_crw,103.76045227050781,294.857177734375,8.03242015838623,2232.93115234375,1854.9383544921875,139.8301726657132,2339.356193147208,2107.886274399906
306265316489998,36,2016,2023,7,ne,hg_organon_crw,103.76325988769531,294.85693359375,8.032530784606934,2344.89453125,1943.5633544921875,139.8301726657132,2339.356193147208,2107.886274399906
15806956020004,36,2013,2020,7,ne,dg_only,62.95619201660156,106.14512634277344,10.428106307983398,1367.700439453125,4941.845703125,60.45728271635707,1022.125460194906,3473.5677360199297
15806956020004,36,2013,2020,7,ne,dg_hg_organon,62.95171356201172,106.1452407836914,10.427728652954102,1396.348876953125,4944.716796875,60.45728271635707,1022.125460194906,3473.5677360199297
15806956020004,36,2013,2020,7,ne,dg_hg_clim,62.956050872802734,106.14510345458984,10.428099632263184,1366.6363525390625,4911.74658203125,60.45728271635707,1022.125460194906,3473.5677360199297
15806956020004,36,2013,2020,7,ne,full_dg_hg_organon_crw,62.95171356201172,106.1452407836914,10.427728652954102,1396.348876953125,4944.716796875,60.45728271635707,1022.125460194906,3473.5677360199297
15806956020004,36,2013,2020,7,ne,full_dg_hg_clim_crw,62.956050872802734,106.14510345458984,10.428099632263184,1366.6363525390625,4911.74658203125,60.45728271635707,1022.125460194906,3473.5677360199297
15806956020004,36,2013,2020,7,ne,hg_organon_crw,62.95171356201172,106.1452407836914,10.427728652954102,1396.348876953125,4944.716796875,60.45728271635707,1022.125460194906,3473.5677360199297
247104235010661,42,2013,2019,6,ne,hg_organon_crw,56.22124481201172,119.02730560302734,9.306002616882324,1348.7078857421875,3203.62353515625,,,
168997422010661,42,2010,2016,6,ne,hg_organon_crw,58.62630844116211,124.52074432373047,9.29098892211914,1189.7301025390625,3651.148681640625,90.07323793044282,1152.400569355766,0.0
264094692489998,34,2015,2021,6,ne,hg_organon_crw,61.42118835449219,118.1848373413086,9.761456489562988,1494.28857421875,4112.46142578125,,,
222095078010661,42,2011,2017,6,ne,hg_organon_crw,41.519615173339844,71.20843505859375,10.339445114135742,1308.7369384765625,5028.3388671875,121.33171079794222,653.349061683218,0.0
68314232010538,42,2005,2010,5,ne,hg_organon_crw,86.94377136230469,130.87359619140625,11.036449432373047,2230.239990234375,6787.654296875,85.43051133133258,1281.546259787714,3429.262261509192
222518063010661,23,2011,2016,5,ne,dg_only,51.19670486450195,118.97415161132812,8.882411003112793,970.7412109375,2308.0048828125,118.7231359156662,1073.581528818476,2755.308030180712
222518063010661,23,2011,2016,5,ne,dg_hg_organon,51.19004821777344,118.97422790527344,8.881834030151367,1003.544189453125,2247.46240234375,118.7231359156662,1073.581528818476,2755.308030180712
222518063010661,23,2011,2016,5,ne,dg_hg_clim,51.196685791015625,118.97412872314453,8.88241195678711,970.7409057617188,2308.00439453125,118.7231359156662,1073.581528818476,2755.308030180712
222518063010661,23,2011,2016,5,ne,full_dg_hg_organon_crw,51.19004821777344,118.97422790527344,8.881834030151367,1003.544189453125,2247.46240234375,118.7231359156662,1073.581528818476,2755.308030180712
222518063010661,23,2011,2016,5,ne,full_dg_hg_clim_crw,51.196685791015625,118.97412872314453,8.88241195678711,970.7409057617188,2308.00439453125,118.7231359156662,1073.581528818476,2755.308030180712
222518063010661,23,2011,2016,5,ne,hg_organon_crw,51.19004821777344,118.97422790527344,8.881834030151367,1003.544189453125,2247.46240234375,118.7231359156662,1073.581528818476,2755.308030180712
375840652489998,42,2017,2024,7,ne,hg_organon_crw,87.16171264648438,82.51432037353516,13.916644096374512,2673.393798828125,12674.4501953125,92.50330828016808,2140.574482822014,9813.803074349176
171000830010661,24,2008,2013,5,ne,hg_organon_crw,62.47201919555664,35.57004165649414,17.944725036621094,1878.3446044921875,10848.6220703125,64.11581829788176,1208.595313598242,5996.798253493088
122562416010661,42,2007,2012,5,ne,hg_organon_crw,141.245849609375,225.31167602539062,10.720925331115723,4047.92578125,13927.2939453125,147.20353270102603,3645.965953544226,11865.065848819337
70445152010538,23,2005,2010,5,ne,dg_only,59.00485610961914,88.92850494384766,11.029597282409668,1479.3858642578125,6926.26025390625,83.67791077338723,1516.626350168002,6208.308371830122
70445152010538,23,2005,2010,5,ne,dg_hg_organon,59.0074577331543,88.92855834960938,11.02983570098877,1522.338623046875,6981.15380859375,83.67791077338723,1516.626350168002,6208.308371830122
70445152010538,23,2005,2010,5,ne,dg_hg_clim,59.00445556640625,88.92850494384766,11.029561996459961,1479.961181640625,6926.197265625,83.67791077338723,1516.626350168002,6208.308371830122
70445152010538,23,2005,2010,5,ne,full_dg_hg_organon_crw,59.0074577331543,88.92855834960938,11.02983570098877,1522.338623046875,6981.15380859375,83.67791077338723,1516.626350168002,6208.308371830122
70445152010538,23,2005,2010,5,ne,full_dg_hg_clim_crw,59.00445556640625,88.92850494384766,11.029561996459961,1479.961181640625,6926.197265625,83.67791077338723,1516.626350168002,6208.308371830122
70445152010538,23,2005,2010,5,ne,hg_organon_crw,59.0074577331543,88.92855834960938,11.02983570098877,1522.338623046875,6981.15380859375,83.67791077338723,1516.626350168002,6208.308371830122
70390499010538,23,2005,2010,5,ne,dg_only,12.7852201461792,53.48700714111328,6.6201252937316895,162.2763214111328,0.0,133.0670917934465,234.416624880972,0.0
70390499010538,23,2005,2010,5,ne,dg_hg_organon,12.786802291870117,53.48704528808594,6.620532989501953,176.12002563476562,0.0,133.0670917934465,234.416624880972,0.0
70390499010538,23,2005,2010,5,ne,dg_hg_clim,12.785215377807617,53.486995697021484,6.620124340057373,163.4738006591797,0.0,133.0670917934465,234.416624880972,0.0
70390499010538,23,2005,2010,5,ne,full_dg_hg_organon_crw,12.786802291870117,53.48704528808594,6.620532989501953,176.12002563476562,0.0,133.0670917934465,234.416624880972,0.0
70390499010538,23,2005,2010,5,ne,full_dg_hg_clim_crw,12.785215377807617,53.486995697021484,6.620124340057373,163.4738006591797,0.0,133.0670917934465,234.416624880972,0.0
70390499010538,23,2005,2010,5,ne,hg_organon_crw,12.786802291870117,53.48704528808594,6.620532989501953,176.12002563476562,0.0,133.0670917934465,234.416624880972,0.0
29637309020004,54,2013,2020,7,ne,hg_organon_crw,117.8852767944336,135.8054656982422,12.615585327148438,3472.487060546875,14299.6201171875,123.94463690337759,3051.0507042801983,10511.855216824306
247062096010661,36,2013,2019,6,ne,dg_only,33.86655807495117,59.45756912231445,10.219231605529785,665.1813354492188,1251.5478515625,32.19281311605616,453.634283415954,345.22818170472397
247062096010661,36,2013,2019,6,ne,dg_hg_organon,33.86404037475586,59.45757293701172,10.218851089477539,699.3433227539062,1453.11474609375,32.19281311605616,453.634283415954,345.22818170472397
247062096010661,36,2013,2019,6,ne,dg_hg_clim,33.8665657043457,59.45756530761719,10.219232559204102,665.1279296875,1251.546142578125,32.19281311605616,453.634283415954,345.22818170472397
247062096010661,36,2013,2019,6,ne,full_dg_hg_organon_crw,33.86404037475586,59.45757293701172,10.218851089477539,699.3433227539062,1453.11474609375,32.19281311605616,453.634283415954,345.22818170472397
247062096010661,36,2013,2019,6,ne,full_dg_hg_clim_crw,33.8665657043457,59.45756530761719,10.219232559204102,665.1279296875,1251.546142578125,32.19281311605616,453.634283415954,345.22818170472397
247062096010661,36,2013,2019,6,ne,hg_organon_crw,33.86404037475586,59.45757293701172,10.218851089477539,699.3433227539062,1453.11474609375,32.19281311605616,453.634283415954,345.22818170472397
15802466020004,33,2013,2019,6,ne,dg_only,144.8702392578125,167.9112548828125,12.577259063720703,4431.9453125,21832.619140625,172.47709989881017,3451.1679369131,17997.593860042856
15802466020004,33,2013,2019,6,ne,dg_hg_organon,144.84548950195312,167.9224395751953,12.575762748718262,4465.81591796875,22160.67578125,172.47709989881017,3451.1679369131,17997.593860042856
15802466020004,33,2013,2019,6,ne,dg_hg_clim,144.87144470214844,167.9105987548828,12.577340126037598,4399.08544921875,21808.62109375,172.47709989881017,3451.1679369131,17997.593860042856
15802466020004,33,2013,2019,6,ne,full_dg_hg_organon_crw,144.84548950195312,167.9224395751953,12.575762748718262,4465.81591796875,22160.67578125,172.47709989881017,3451.1679369131,17997.593860042856
15802466020004,33,2013,2019,6,ne,full_dg_hg_clim_crw,144.87144470214844,167.9105987548828,12.577340126037598,4399.08544921875,21808.62109375,172.47709989881017,3451.1679369131,17997.593860042856
15802466020004,33,2013,2019,6,ne,hg_organon_crw,144.84548950195312,167.9224395751953,12.575762748718262,4465.81591796875,22160.67578125,172.47709989881017,3451.1679369131,17997.593860042856
511304855126144,34,2019,2024,5,ne,hg_organon_crw,185.8355255126953,149.60476684570312,15.091343879699707,6702.49169921875,34505.50390625,92.1363411338126,2516.703110077764,8643.809379407241
75976533010538,23,2007,2012,5,ne,dg_only,47.72683334350586,195.65869140625,6.687564849853516,645.29931640625,250.1514892578125,132.14721150841734,800.889704096238,784.960532120792
75976533010538,23,2007,2012,5,ne,dg_hg_organon,47.73682403564453,195.65863037109375,6.688265800476074,658.2987060546875,250.3692169189453,132.14721150841734,800.889704096238,784.960532120792
75976533010538,23,2007,2012,5,ne,dg_hg_clim,47.73143768310547,195.65878295898438,6.6878838539123535,638.7207641601562,250.38290405273438,132.14721150841734,800.889704096238,784.960532120792
75976533010538,23,2007,2012,5,ne,full_dg_hg_organon_crw,47.73682403564453,195.65863037109375,6.688265800476074,658.2987060546875,250.3692169189453,132.14721150841734,800.889704096238,784.960532120792
75976533010538,23,2007,2012,5,ne,full_dg_hg_clim_crw,47.73143768310547,195.65878295898438,6.6878838539123535,638.7207641601562,250.38290405273438,132.14721150841734,800.889704096238,784.960532120792
75976533010538,23,2007,2012,5,ne,hg_organon_crw,47.73682403564453,195.65863037109375,6.688265800476074,658.2987060546875,250.3692169189453,132.14721150841734,800.889704096238,784.960532120792
222096232010661,42,2011,2017,6,ne,hg_organon_crw,132.6286163330078,288.0052490234375,9.188712120056152,3187.274169921875,7810.9384765625,153.04115700113843,2633.187776558934,6553.539171384856
74916508010538,36,2006,2011,5,ne,dg_only,169.8787078857422,393.623046875,8.895404815673828,4079.30078125,6291.24072265625,135.42522049709993,2983.075087350536,4054.753258670362
74916508010538,36,2006,2011,5,ne,dg_hg_organon,169.8926239013672,393.61541748046875,8.895851135253906,4079.6953125,6272.34716796875,135.42522049709993,2983.075087350536,4054.753258670362
74916508010538,36,2006,2011,5,ne,dg_hg_clim,169.8787078857422,393.623046875,8.895404815673828,4079.30078125,6291.24072265625,135.42522049709993,2983.075087350536,4054.753258670362
74916508010538,36,2006,2011,5,ne,full_dg_hg_organon_crw,169.8926239013672,393.61541748046875,8.895851135253906,4079.6953125,6272.34716796875,135.42522049709993,2983.075087350536,4054.753258670362
74916508010538,36,2006,2011,5,ne,full_dg_hg_clim_crw,169.8787078857422,393.623046875,8.895404815673828,4079.30078125,6291.24072265625,135.42522049709993,2983.075087350536,4054.753258670362
74916508010538,36,2006,2011,5,ne,hg_organon_crw,169.8926239013672,393.61541748046875,8.895851135253906,4079.6953125,6272.34716796875,135.42522049709993,2983.075087350536,4054.753258670362
53935201010538,36,2003,2009,6,ne,dg_only,2.844780683517456,11.823219299316406,6.641907691955566,40.917816162109375,0.0,9.23281670334646,29.555261818875998,0.0
53935201010538,36,2003,2009,6,ne,dg_hg_organon,2.8447680473327637,11.823219299316406,6.641892910003662,42.09981918334961,0.0,9.23281670334646,29.555261818875998,0.0
53935201010538,36,2003,2009,6,ne,dg_hg_clim,2.844954013824463,11.823219299316406,6.6421098709106445,40.92214584350586,0.0,9.23281670334646,29.555261818875998,0.0
53935201010538,36,2003,2009,6,ne,full_dg_hg_organon_crw,2.8447680473327637,11.823219299316406,6.641892910003662,42.09981918334961,0.0,9.23281670334646,29.555261818875998,0.0
53935201010538,36,2003,2009,6,ne,full_dg_hg_clim_crw,2.844954013824463,11.823219299316406,6.6421098709106445,40.92214584350586,0.0,9.23281670334646,29.555261818875998,0.0
53935201010538,36,2003,2009,6,ne,hg_organon_crw,2.8447680473327637,11.823219299316406,6.641892910003662,42.09981918334961,0.0,9.23281670334646,29.555261818875998,0.0
169112107010661,50,2010,2015,5,ne,dg_only,97.6416015625,196.14065551757812,9.553667068481445,2261.41650390625,6978.353515625,112.16080044408272,1941.823151593028,6258.392819445464
169112107010661,50,2010,2015,5,ne,dg_hg_organon,97.65084075927734,196.1405792236328,9.554117202758789,2366.6826171875,7279.63232421875,112.16080044408272,1941.823151593028,6258.392819445464
169112107010661,50,2010,2015,5,ne,dg_hg_clim,97.63920593261719,196.14068603515625,9.553545951843262,2278.408203125,7080.3671875,112.16080044408272,1941.823151593028,6258.392819445464
169112107010661,50,2010,2015,5,ne,full_dg_hg_organon_crw,97.65084075927734,196.1405792236328,9.554117202758789,2366.6826171875,7279.63232421875,112.16080044408272,1941.823151593028,6258.392819445464
169112107010661,50,2010,2015,5,ne,full_dg_hg_clim_crw,97.63920593261719,196.14068603515625,9.553545951843262,2278.408203125,7080.3671875,112.16080044408272,1941.823151593028,6258.392819445464
169112107010661,50,2010,2015,5,ne,hg_organon_crw,97.65084075927734,196.1405792236328,9.554117202758789,2366.6826171875,7279.63232421875,112.16080044408272,1941.823151593028,6258.392819445464
304030612489998,23,2016,2021,5,ne,dg_only,28.889625549316406,89.0059585571289,7.714320659637451,420.4090576171875,186.4065704345703,68.59938966210701,254.73500454410402,76.372205340472
304030612489998,23,2016,2021,5,ne,dg_hg_organon,28.880634307861328,89.0060043334961,7.713119983673096,441.6310729980469,186.39892578125,68.59938966210701,254.73500454410402,76.372205340472
304030612489998,23,2016,2021,5,ne,dg_hg_clim,28.888689041137695,89.0059585571289,7.71419620513916,424.54632568359375,186.4103240966797,68.59938966210701,254.73500454410402,76.372205340472
304030612489998,23,2016,2021,5,ne,full_dg_hg_organon_crw,28.880634307861328,89.0060043334961,7.713119983673096,441.6310729980469,186.39892578125,68.59938966210701,254.73500454410402,76.372205340472
304030612489998,23,2016,2021,5,ne,full_dg_hg_clim_crw,28.888689041137695,89.0059585571289,7.71419620513916,424.54632568359375,186.4103240966797,68.59938966210701,254.73500454410402,76.372205340472
304030612489998,23,2016,2021,5,ne,hg_organon_crw,28.880634307861328,89.0060043334961,7.713119983673096,441.6310729980469,186.39892578125,68.59938966210701,254.73500454410402,76.372205340472
55912737010538,33,2003,2009,6,ne,dg_only,59.39168167114258,82.84443664550781,11.464824676513672,1582.525634765625,5391.75146484375,46.16471158569101,1078.159348085848,4509.531705027928
55912737010538,33,2003,2009,6,ne,dg_hg_organon,59.393062591552734,82.84442901611328,11.464959144592285,1608.6116943359375,5454.9619140625,46.16471158569101,1078.159348085848,4509.531705027928
55912737010538,33,2003,2009,6,ne,dg_hg_clim,59.39168167114258,82.84443664550781,11.464824676513672,1582.525634765625,5391.75146484375,46.16471158569101,1078.159348085848,4509.531705027928
55912737010538,33,2003,2009,6,ne,full_dg_hg_organon_crw,59.393062591552734,82.84442901611328,11.464959144592285,1608.6116943359375,5454.9619140625,46.16471158569101,1078.159348085848,4509.531705027928
55912737010538,33,2003,2009,6,ne,full_dg_hg_clim_crw,59.39168167114258,82.84443664550781,11.464824676513672,1582.525634765625,5391.75146484375,46.16471158569101,1078.159348085848,4509.531705027928
55912737010538,33,2003,2009,6,ne,hg_organon_crw,59.393062591552734,82.84442901611328,11.464959144592285,1608.6116943359375,5454.9619140625,46.16471158569101,1078.159348085848,4509.531705027928
70385997010538,23,2005,2010,5,ne,dg_only,65.97330474853516,106.8071517944336,10.641925811767578,1429.4078369140625,6028.05615234375,153.35284301297597,1210.38067526897,3436.3583441613564
70385997010538,23,2005,2010,5,ne,dg_hg_organon,65.96764373779297,106.80719757080078,10.64146614074707,1504.7774658203125,6434.84619140625,153.35284301297597,1210.38067526897,3436.3583441613564
70385997010538,23,2005,2010,5,ne,dg_hg_clim,65.97032928466797,106.80712127685547,10.64168643951416,1432.30859375,6027.7861328125,153.35284301297597,1210.38067526897,3436.3583441613564
70385997010538,23,2005,2010,5,ne,full_dg_hg_organon_crw,65.96764373779297,106.80719757080078,10.64146614074707,1504.7774658203125,6434.84619140625,153.35284301297597,1210.38067526897,3436.3583441613564
70385997010538,23,2005,2010,5,ne,full_dg_hg_clim_crw,65.97032928466797,106.80712127685547,10.64168643951416,1432.30859375,6027.7861328125,153.35284301297597,1210.38067526897,3436.3583441613564
70385997010538,23,2005,2010,5,ne,hg_organon_crw,65.96764373779297,106.80719757080078,10.64146614074707,1504.7774658203125,6434.84619140625,153.35284301297597,1210.38067526897,3436.3583441613564
145021783010661,36,2009,2014,5,ne,dg_only,179.57821655273438,175.29852294921875,13.704841613769531,7245.72021484375,38346.71875,213.7598968677679,6371.063952483216,22714.956809761698
145021783010661,36,2009,2014,5,ne,dg_hg_organon,179.57815551757812,175.1726837158203,13.709759712219238,7323.41845703125,38819.5703125,213.7598968677679,6371.063952483216,22714.956809761698
145021783010661,36,2009,2014,5,ne,dg_hg_clim,179.57809448242188,175.13600158691406,13.71119499206543,7295.7314453125,38655.609375,213.7598968677679,6371.063952483216,22714.956809761698
145021783010661,36,2009,2014,5,ne,full_dg_hg_organon_crw,179.57815551757812,175.1726837158203,13.709759712219238,7323.41845703125,38819.5703125,213.7598968677679,6371.063952483216,22714.956809761698
145021783010661,36,2009,2014,5,ne,full_dg_hg_clim_crw,179.57809448242188,175.13600158691406,13.71119499206543,7295.7314453125,38655.609375,213.7598968677679,6371.063952483216,22714.956809761698
145021783010661,36,2009,2014,5,ne,hg_organon_crw,179.57815551757812,175.1726837158203,13.709759712219238,7323.41845703125,38819.5703125,213.7598968677679,6371.063952483216,22714.956809761698
375840604489998,42,2017,2024,7,ne,hg_organon_crw,89.00384521484375,231.8646697998047,8.389252662658691,2143.23095703125,2449.625,,,
65314259010538,24,2005,2010,5,ne,hg_organon_crw,195.27359008789062,121.25806427001953,17.183147430419922,8562.8056640625,51406.12890625,98.21238569439679,3150.189562793614,19091.3695921633
68318225010538,42,2005,2010,5,ne,hg_organon_crw,102.3298110961914,172.41665649414062,10.431526184082031,3369.605712890625,11844.7412109375,104.57647690985813,2555.29955321451,7949.07092351086
247056846010661,23,2012,2017,5,ne,dg_only,83.12971496582031,219.3395538330078,8.335967063903809,1582.0025634765625,4297.64990234375,107.87401594970616,1383.589625896248,3685.323884113536
247056846010661,23,2012,2017,5,ne,dg_hg_organon,83.12647247314453,219.33973693847656,8.335799217224121,1612.131103515625,4393.431640625,107.87401594970616,1383.589625896248,3685.323884113536
247056846010661,23,2012,2017,5,ne,dg_hg_clim,83.1316909790039,219.33963012695312,8.336064338684082,1579.6663818359375,4297.8310546875,107.87401594970616,1383.589625896248,3685.323884113536
247056846010661,23,2012,2017,5,ne,full_dg_hg_organon_crw,83.12647247314453,219.33973693847656,8.335799217224121,1612.131103515625,4393.431640625,107.87401594970616,1383.589625896248,3685.323884113536
247056846010661,23,2012,2017,5,ne,full_dg_hg_clim_crw,83.1316909790039,219.33963012695312,8.336064338684082,1579.6663818359375,4297.8310546875,107.87401594970616,1383.589625896248,3685.323884113536
247056846010661,23,2012,2017,5,ne,hg_organon_crw,83.12647247314453,219.33973693847656,8.335799217224121,1612.131103515625,4393.431640625,107.87401594970616,1383.589625896248,3685.323884113536
53942327010538,36,2004,2009,5,ne,dg_only,196.51914978027344,334.3028259277344,10.381702423095703,6160.34521484375,22621.39453125,211.975530788419,6567.120685561564,16180.564665566531
53942327010538,36,2004,2009,5,ne,dg_hg_organon,196.54498291015625,334.1539001464844,10.384708404541016,6241.5908203125,22868.05859375,211.975530788419,6567.120685561564,16180.564665566531
53942327010538,36,2004,2009,5,ne,dg_hg_clim,196.51918029785156,334.30328369140625,10.381695747375488,6160.556640625,22621.37890625,211.975530788419,6567.120685561564,16180.564665566531
53942327010538,36,2004,2009,5,ne,full_dg_hg_organon_crw,196.54498291015625,334.1539001464844,10.384708404541016,6241.5908203125,22868.05859375,211.975530788419,6567.120685561564,16180.564665566531
53942327010538,36,2004,2009,5,ne,full_dg_hg_clim_crw,196.51918029785156,334.30328369140625,10.381695747375488,6160.556640625,22621.37890625,211.975530788419,6567.120685561564,16180.564665566531
53942327010538,36,2004,2009,5,ne,hg_organon_crw,196.54498291015625,334.1539001464844,10.384708404541016,6241.5908203125,22868.05859375,211.975530788419,6567.120685561564,16180.564665566531
451063741489998,23,2018,2023,5,ne,dg_only,152.07028198242188,415.4191589355469,8.192479133605957,2835.3583984375,6030.154296875,165.46504048833114,2505.582302693904,4427.050821914696
451063741489998,23,2018,2023,5,ne,dg_hg_organon,152.05812072753906,415.419189453125,8.192147254943848,2931.4482421875,6239.255859375,165.46504048833114,2505.582302693904,4427.050821914696
451063741489998,23,2018,2023,5,ne,dg_hg_clim,152.07064819335938,415.41925048828125,8.192483901977539,2832.609375,6030.18212890625,165.46504048833114,2505.582302693904,4427.050821914696
451063741489998,23,2018,2023,5,ne,full_dg_hg_organon_crw,152.05812072753906,415.419189453125,8.192147254943848,2931.4482421875,6239.255859375,165.46504048833114,2505.582302693904,4427.050821914696
451063741489998,23,2018,2023,5,ne,full_dg_hg_clim_crw,152.07064819335938,415.41925048828125,8.192483901977539,2832.609375,6030.18212890625,165.46504048833114,2505.582302693904,4427.050821914696
451063741489998,23,2018,2023,5,ne,hg_organon_crw,152.05812072753906,415.419189453125,8.192147254943848,2931.4482421875,6239.255859375,165.46504048833114,2505.582302693904,4427.050821914696
68279937010538,42,2005,2010,5,ne,hg_organon_crw,163.0572052001953,189.12176513671875,12.572900772094727,4806.38525390625,21010.63671875,178.6359213549643,3696.3397006668797,16202.973937077766
52948187010538,23,2002,2007,5,ne,dg_only,65.26012420654297,207.65771484375,7.590776443481445,819.041015625,996.5480346679688,97.01399725051346,670.94478706526,305.602279583126
52948187010538,23,2002,2007,5,ne,dg_hg_organon,65.25885772705078,207.6577606201172,7.590701103210449,836.0137939453125,996.4879150390625,97.01399725051346,670.94478706526,305.602279583126
52948187010538,23,2002,2007,5,ne,dg_hg_clim,65.26012420654297,207.65771484375,7.590776443481445,818.4436645507812,996.5480346679688,97.01399725051346,670.94478706526,305.602279583126
52948187010538,23,2002,2007,5,ne,full_dg_hg_organon_crw,65.25885772705078,207.6577606201172,7.590701103210449,836.0137939453125,996.4879150390625,97.01399725051346,670.94478706526,305.602279583126
52948187010538,23,2002,2007,5,ne,full_dg_hg_clim_crw,65.26012420654297,207.65771484375,7.590776443481445,818.4436645507812,996.5480346679688,97.01399725051346,670.94478706526,305.602279583126
52948187010538,23,2002,2007,5,ne,hg_organon_crw,65.25885772705078,207.6577606201172,7.590701103210449,836.0137939453125,996.4879150390625,97.01399725051346,670.94478706526,305.602279583126
122564329010661,36,2007,2012,5,ne,dg_only,50.88558578491211,77.39574432373047,10.979313850402832,968.0048828125,3919.660888671875,69.32784721200287,1148.911974288072,4321.377346386778
122564329010661,36,2007,2012,5,ne,dg_hg_organon,50.87630844116211,77.39574432373047,10.978311538696289,1017.4661865234375,4200.2421875,69.32784721200287,1148.911974288072,4321.377346386778
122564329010661,36,2007,2012,5,ne,dg_hg_clim,50.88558578491211,77.39574432373047,10.979313850402832,968.0048828125,3919.660888671875,69.32784721200287,1148.911974288072,4321.377346386778
122564329010661,36,2007,2012,5,ne,full_dg_hg_organon_crw,50.87630844116211,77.39574432373047,10.978311538696289,1017.4661865234375,4200.2421875,69.32784721200287,1148.911974288072,4321.377346386778
122564329010661,36,2007,2012,5,ne,full_dg_hg_clim_crw,50.88558578491211,77.39574432373047,10.979313850402832,968.0048828125,3919.660888671875,69.32784721200287,1148.911974288072,4321.377346386778
122564329010661,36,2007,2012,5,ne,hg_organon_crw,50.87630844116211,77.39574432373047,10.978311538696289,1017.4661865234375,4200.2421875,69.32784721200287,1148.911974288072,4321.377346386778
113492597010661,42,2008,2013,5,ne,hg_organon_crw,55.12997817993164,113.04271697998047,9.45603084564209,1368.722412109375,3154.82666015625,1.386786523265299,17.423922204834,0.0
251021776489998,42,2015,2022,7,ne,hg_organon_crw,37.97389602661133,47.29084014892578,12.133618354797363,1066.8887939453125,3876.227294921875,29.832691724803357,565.5900152174099,1704.924973407864
375823776489998,23,2017,2022,5,ne,dg_only,97.51897430419922,190.12437438964844,9.697546005249023,2147.738037109375,7854.515625,129.98844121310316,1858.880178835732,3762.1494047870037
375823776489998,23,2017,2022,5,ne,dg_hg_organon,97.51910400390625,190.12432861328125,9.697558403015137,2210.945556640625,8151.2197265625,129.98844121310316,1858.880178835732,3762.1494047870037
375823776489998,23,2017,2022,5,ne,dg_hg_clim,97.5204849243164,190.12429809570312,9.697626113891602,2142.627685546875,7854.7197265625,129.98844121310316,1858.880178835732,3762.1494047870037
375823776489998,23,2017,2022,5,ne,full_dg_hg_organon_crw,97.51910400390625,190.12432861328125,9.697558403015137,2210.945556640625,8151.2197265625,129.98844121310316,1858.880178835732,3762.1494047870037
375823776489998,23,2017,2022,5,ne,full_dg_hg_clim_crw,97.5204849243164,190.12429809570312,9.697626113891602,2142.627685546875,7854.7197265625,129.98844121310316,1858.880178835732,3762.1494047870037
375823776489998,23,2017,2022,5,ne,hg_organon_crw,97.51910400390625,190.12432861328125,9.697558403015137,2210.945556640625,8151.2197265625,129.98844121310316,1858.880178835732,3762.1494047870037
52764804010538,23,1999,2004,5,ne,dg_only,7.847531795501709,29.644290924072266,6.966782569885254,122.65049743652344,0.0,22.001096699048578,76.532381652808,0.0
52764804010538,23,1999,2004,5,ne,dg_hg_organon,7.847644805908203,29.644285202026367,6.96683406829834,135.6785125732422,0.0,22.001096699048578,76.532381652808,0.0
52764804010538,23,1999,2004,5,ne,dg_hg_clim,7.847494125366211,29.644285202026367,6.966768264770508,122.64982604980469,0.0,22.001096699048578,76.532381652808,0.0
52764804010538,23,1999,2004,5,ne,full_dg_hg_organon_crw,7.847644805908203,29.644285202026367,6.96683406829834,135.6785125732422,0.0,22.001096699048578,76.532381652808,0.0
52764804010538,23,1999,2004,5,ne,full_dg_hg_clim_crw,7.847494125366211,29.644285202026367,6.966768264770508,122.64982604980469,0.0,22.001096699048578,76.532381652808,0.0
52764804010538,23,1999,2004,5,ne,hg_organon_crw,7.847644805908203,29.644285202026367,6.96683406829834,135.6785125732422,0.0,22.001096699048578,76.532381652808,0.0
52950720010538,23,2002,2007,5,ne,dg_only,84.06881713867188,160.15672302246094,9.810274124145508,1835.050048828125,5335.15283203125,104.47679759878707,1754.6183623760799,5959.287574179571
52950720010538,23,2002,2007,5,ne,dg_hg_organon,84.0665512084961,160.15664672851562,9.810144424438477,1983.54052734375,5793.96826171875,104.47679759878707,1754.6183623760799,5959.287574179571
52950720010538,23,2002,2007,5,ne,dg_hg_clim,84.0533447265625,160.15670776367188,9.80937385559082,1893.3480224609375,5536.11572265625,104.47679759878707,1754.6183623760799,5959.287574179571
52950720010538,23,2002,2007,5,ne,full_dg_hg_organon_crw,84.0665512084961,160.15664672851562,9.810144424438477,1983.54052734375,5793.96826171875,104.47679759878707,1754.6183623760799,5959.287574179571
52950720010538,23,2002,2007,5,ne,full_dg_hg_clim_crw,84.0533447265625,160.15670776367188,9.80937385559082,1893.3480224609375,5536.11572265625,104.47679759878707,1754.6183623760799,5959.287574179571
52950720010538,23,2002,2007,5,ne,hg_organon_crw,84.0665512084961,160.15664672851562,9.810144424438477,1983.54052734375,5793.96826171875,104.47679759878707,1754.6183623760799,5959.287574179571
58241817010538,42,2001,2006,5,ne,hg_organon_crw,179.14842224121094,148.7082977294922,14.861928939819336,6607.5244140625,33315.28515625,171.455149539863,4002.1090953693797,17901.36484713136
58178583010538,42,2000,2005,5,ne,hg_organon_crw,49.806880950927734,89.05691528320312,10.126213073730469,1191.967041015625,2844.326416015625,74.34439917596906,1013.478641431416,3163.371936087418
122563565010661,36,2007,2013,6,ne,dg_only,111.54283142089844,243.92698669433594,9.156455039978027,2502.48583984375,6166.26513671875,85.98788747310658,1124.147365951404,1469.075102727624
122563565010661,36,2007,2013,6,ne,dg_hg_organon,111.52935028076172,243.92718505859375,9.155892372131348,2523.678955078125,6164.90625,85.98788747310658,1124.147365951404,1469.075102727624
122563565010661,36,2007,2013,6,ne,dg_hg_clim,111.54756927490234,243.92709350585938,9.156643867492676,2504.21875,6166.60791015625,85.98788747310658,1124.147365951404,1469.075102727624
122563565010661,36,2007,2013,6,ne,full_dg_hg_organon_crw,111.52935028076172,243.92718505859375,9.155892372131348,2523.678955078125,6164.90625,85.98788747310658,1124.147365951404,1469.075102727624
122563565010661,36,2007,2013,6,ne,full_dg_hg_clim_crw,111.54756927490234,243.92709350585938,9.156643867492676,2504.21875,6166.60791015625,85.98788747310658,1124.147365951404,1469.075102727624
122563565010661,36,2007,2013,6,ne,hg_organon_crw,111.52935028076172,243.92718505859375,9.155892372131348,2523.678955078125,6164.90625,85.98788747310658,1124.147365951404,1469.075102727624
58549928010538,42,2004,2009,5,ne,hg_organon_crw,56.59201431274414,106.75274658203125,9.85880184173584,1727.7703857421875,5150.30859375,26.57082978576313,601.712156795394,1400.725981791018
247064745010661,50,2012,2019,7,ne,dg_only,56.24971008300781,124.62084197998047,9.097061157226562,1150.7691650390625,2875.202880859375,64.97567575460386,961.310926832254,2208.566396620244
247064745010661,50,2012,2019,7,ne,dg_hg_organon,56.24250030517578,124.6208724975586,9.096475601196289,1260.134765625,3290.626953125,64.97567575460386,961.310926832254,2208.566396620244
247064745010661,50,2012,2019,7,ne,dg_hg_clim,56.24971008300781,124.62084197998047,9.097061157226562,1150.7691650390625,2875.202880859375,64.97567575460386,961.310926832254,2208.566396620244
247064745010661,50,2012,2019,7,ne,full_dg_hg_organon_crw,56.24250030517578,124.6208724975586,9.096475601196289,1260.134765625,3290.626953125,64.97567575460386,961.310926832254,2208.566396620244
247064745010661,50,2012,2019,7,ne,full_dg_hg_clim_crw,56.24971008300781,124.62084197998047,9.097061157226562,1150.7691650390625,2875.202880859375,64.97567575460386,961.310926832254,2208.566396620244
247064745010661,50,2012,2019,7,ne,hg_organon_crw,56.24250030517578,124.6208724975586,9.096475601196289,1260.134765625,3290.626953125,64.97567575460386,961.310926832254,2208.566396620244
107545582010661,23,2008,2013,5,ne,dg_only,140.268798828125,352.4569396972656,8.542083740234375,3334.741943359375,7352.3916015625,145.9268707621737,2797.34713865808,5676.02982396881
107545582010661,23,2008,2013,5,ne,dg_hg_organon,140.25393676757812,352.4618225097656,8.541572570800781,3382.831298828125,7366.80712890625,145.9268707621737,2797.34713865808,5676.02982396881
107545582010661,23,2008,2013,5,ne,dg_hg_clim,140.26898193359375,352.4558410644531,8.542104721069336,3324.726806640625,7352.17333984375,145.9268707621737,2797.34713865808,5676.02982396881
107545582010661,23,2008,2013,5,ne,full_dg_hg_organon_crw,140.25393676757812,352.4618225097656,8.541572570800781,3382.831298828125,7366.80712890625,145.9268707621737,2797.34713865808,5676.02982396881
107545582010661,23,2008,2013,5,ne,full_dg_hg_clim_crw,140.26898193359375,352.4558410644531,8.542104721069336,3324.726806640625,7352.17333984375,145.9268707621737,2797.34713865808,5676.02982396881
107545582010661,23,2008,2013,5,ne,hg_organon_crw,140.25393676757812,352.4618225097656,8.541572570800781,3382.831298828125,7366.80712890625,145.9268707621737,2797.34713865808,5676.02982396881
58281576010538,42,2001,2006,5,ne,hg_organon_crw,150.1124725341797,230.4156951904297,10.92920207977295,4265.548828125,13190.7724609375,,,
74526312010538,34,2006,2012,6,ne,hg_organon_crw,135.39549255371094,136.36944580078125,13.492111206054688,4036.841796875,17761.90234375,141.23332490514494,3358.8399718699543,14075.1392845189
73074956010538,33,2006,2011,5,ne,dg_only,60.74058532714844,142.52536010742188,8.8395414352417,1430.9888916015625,3053.808349609375,97.92824101492232,1488.241556169804,4375.499355225934
73074956010538,33,2006,2011,5,ne,dg_hg_organon,60.74058151245117,142.52532958984375,8.839542388916016,1535.715087890625,3246.034912109375,97.92824101492232,1488.241556169804,4375.499355225934
73074956010538,33,2006,2011,5,ne,dg_hg_clim,60.73515319824219,142.52532958984375,8.839147567749023,1459.27490234375,3186.0361328125,97.92824101492232,1488.241556169804,4375.499355225934
73074956010538,33,2006,2011,5,ne,full_dg_hg_organon_crw,60.74058151245117,142.52532958984375,8.839542388916016,1535.715087890625,3246.034912109375,97.92824101492232,1488.241556169804,4375.499355225934
73074956010538,33,2006,2011,5,ne,full_dg_hg_clim_crw,60.73515319824219,142.52532958984375,8.839147567749023,1459.27490234375,3186.0361328125,97.92824101492232,1488.241556169804,4375.499355225934
73074956010538,33,2006,2011,5,ne,hg_organon_crw,60.74058151245117,142.52532958984375,8.839542388916016,1535.715087890625,3246.034912109375,97.92824101492232,1488.241556169804,4375.499355225934
119148095010661,33,2008,2013,5,ne,dg_only,113.66893768310547,231.5846405029297,9.486420631408691,2280.45263671875,4425.28955078125,140.78264651155237,1671.542481072874,2888.901670447352
119148095010661,33,2008,2013,5,ne,dg_hg_organon,113.66852569580078,231.58457946777344,9.486405372619629,2391.42919921875,4625.5625,140.78264651155237,1671.542481072874,2888.901670447352
119148095010661,33,2008,2013,5,ne,dg_hg_clim,113.6659164428711,231.5843505859375,9.48630142211914,2288.507080078125,4458.64990234375,140.78264651155237,1671.542481072874,2888.901670447352
119148095010661,33,2008,2013,5,ne,full_dg_hg_organon_crw,113.66852569580078,231.58457946777344,9.486405372619629,2391.42919921875,4625.5625,140.78264651155237,1671.542481072874,2888.901670447352
119148095010661,33,2008,2013,5,ne,full_dg_hg_clim_crw,113.6659164428711,231.5843505859375,9.48630142211914,2288.507080078125,4458.64990234375,140.78264651155237,1671.542481072874,2888.901670447352
119148095010661,33,2008,2013,5,ne,hg_organon_crw,113.66852569580078,231.58457946777344,9.486405372619629,2391.42919921875,4625.5625,140.78264651155237,1671.542481072874,2888.901670447352
168928845010661,23,2010,2015,5,ne,dg_only,43.03901672363281,172.2684326171875,6.768066883087158,701.6361694335938,252.42034912109375,72.90507953586467,831.26538205411,435.2316283360021
168928845010661,23,2010,2015,5,ne,dg_hg_organon,43.04965591430664,172.26808166503906,6.768910884857178,748.4296264648438,282.49920654296875,72.90507953586467,831.26538205411,435.2316283360021
168928845010661,23,2010,2015,5,ne,dg_hg_clim,43.042659759521484,172.26820373535156,6.768357276916504,715.6649780273438,282.4993896484375,72.90507953586467,831.26538205411,435.2316283360021
168928845010661,23,2010,2015,5,ne,full_dg_hg_organon_crw,43.04965591430664,172.26808166503906,6.768910884857178,748.4296264648438,282.49920654296875,72.90507953586467,831.26538205411,435.2316283360021
168928845010661,23,2010,2015,5,ne,full_dg_hg_clim_crw,43.042659759521484,172.26820373535156,6.768357276916504,715.6649780273438,282.4993896484375,72.90507953586467,831.26538205411,435.2316283360021
168928845010661,23,2010,2015,5,ne,hg_organon_crw,43.04965591430664,172.26808166503906,6.768910884857178,748.4296264648438,282.49920654296875,72.90507953586467,831.26538205411,435.2316283360021
247062079010661,36,2012,2019,7,ne,dg_only,129.3955535888672,177.11163330078125,11.573705673217773,3397.17138671875,14325.5986328125,115.44073395707507,2479.560747215538,7180.484357145374
247062079010661,36,2012,2019,7,ne,dg_hg_organon,129.3838348388672,177.11170959472656,11.573176383972168,3593.658935546875,15129.7421875,115.44073395707507,2479.560747215538,7180.484357145374
247062079010661,36,2012,2019,7,ne,dg_hg_clim,129.39028930664062,177.11160278320312,11.573469161987305,3422.70263671875,14457.0244140625,115.44073395707507,2479.560747215538,7180.484357145374
247062079010661,36,2012,2019,7,ne,full_dg_hg_organon_crw,129.3838348388672,177.11170959472656,11.573176383972168,3593.658935546875,15129.7421875,115.44073395707507,2479.560747215538,7180.484357145374
247062079010661,36,2012,2019,7,ne,full_dg_hg_clim_crw,129.39028930664062,177.11160278320312,11.573469161987305,3422.70263671875,14457.0244140625,115.44073395707507,2479.560747215538,7180.484357145374
247062079010661,36,2012,2019,7,ne,hg_organon_crw,129.3838348388672,177.11170959472656,11.573176383972168,3593.658935546875,15129.7421875,115.44073395707507,2479.560747215538,7180.484357145374
168261983020004,24,2014,2021,7,ne,hg_organon_crw,37.12620162963867,118.88024139404297,7.566964626312256,647.917724609375,675.90283203125,43.27233479483015,583.0786073445599,990.9359498403621
107546280010661,23,2008,2013,5,ne,dg_only,41.179996490478516,95.3045883178711,8.900667190551758,764.4951782226562,492.25152587890625,5.13952346200555,0.0,0.0
107546280010661,23,2008,2013,5,ne,dg_hg_organon,41.169803619384766,95.30464172363281,8.899561882019043,815.0955810546875,558.2535400390625,5.13952346200555,0.0,0.0
107546280010661,23,2008,2013,5,ne,dg_hg_clim,41.179203033447266,95.30461883544922,8.900579452514648,766.2720336914062,492.2435607910156,5.13952346200555,0.0,0.0
107546280010661,23,2008,2013,5,ne,full_dg_hg_organon_crw,41.169803619384766,95.30464172363281,8.899561882019043,815.0955810546875,558.2535400390625,5.13952346200555,0.0,0.0
107546280010661,23,2008,2013,5,ne,full_dg_hg_clim_crw,41.179203033447266,95.30461883544922,8.900579452514648,766.2720336914062,492.2435607910156,5.13952346200555,0.0,0.0
107546280010661,23,2008,2013,5,ne,hg_organon_crw,41.169803619384766,95.30464172363281,8.899561882019043,815.0955810546875,558.2535400390625,5.13952346200555,0.0,0.0
15806850020004,36,2013,2021,8,ne,dg_only,137.49986267089844,188.3621063232422,11.568860054016113,3840.39697265625,16071.865234375,55.113394825376204,926.16906476721,1535.523526141912
15806850020004,36,2013,2021,8,ne,dg_hg_organon,137.4829559326172,188.36207580566406,11.568150520324707,3910.97314453125,16462.169921875,55.113394825376204,926.16906476721,1535.523526141912
15806850020004,36,2013,2021,8,ne,dg_hg_clim,137.50244140625,188.36187744140625,11.568982124328613,3836.13671875,16072.1748046875,55.113394825376204,926.16906476721,1535.523526141912
15806850020004,36,2013,2021,8,ne,full_dg_hg_organon_crw,137.4829559326172,188.36207580566406,11.568150520324707,3910.97314453125,16462.169921875,55.113394825376204,926.16906476721,1535.523526141912
15806850020004,36,2013,2021,8,ne,full_dg_hg_clim_crw,137.50244140625,188.36187744140625,11.568982124328613,3836.13671875,16072.1748046875,55.113394825376204,926.16906476721,1535.523526141912
15806850020004,36,2013,2021,8,ne,hg_organon_crw,137.4829559326172,188.36207580566406,11.568150520324707,3910.97314453125,16462.169921875,55.113394825376204,926.16906476721,1535.523526141912
243883095489998,23,2015,2020,5,ne,dg_only,40.661170959472656,131.0018768310547,7.543753147125244,848.0044555664062,565.2907104492188,26.09883001760798,472.737083985592,0.0
243883095489998,23,2015,2020,5,ne,dg_hg_organon,40.66190719604492,131.0018768310547,7.543821334838867,878.0886840820312,721.63623046875,26.09883001760798,472.737083985592,0.0
243883095489998,23,2015,2020,5,ne,dg_hg_clim,40.66107940673828,131.00184631347656,7.543745040893555,849.0758056640625,721.6759033203125,26.09883001760798,472.737083985592,0.0
243883095489998,23,2015,2020,5,ne,full_dg_hg_organon_crw,40.66190719604492,131.0018768310547,7.543821334838867,878.0886840820312,721.63623046875,26.09883001760798,472.737083985592,0.0
243883095489998,23,2015,2020,5,ne,full_dg_hg_clim_crw,40.66107940673828,131.00184631347656,7.543745040893555,849.0758056640625,721.6759033203125,26.09883001760798,472.737083985592,0.0
243883095489998,23,2015,2020,5,ne,hg_organon_crw,40.66190719604492,131.0018768310547,7.543821334838867,878.0886840820312,721.63623046875,26.09883001760798,472.737083985592,0.0
168262155020004,24,2015,2023,8,ne,hg_organon_crw,98.56880187988281,111.96088409423828,12.704948425292969,3309.414794921875,12680.9990234375,,,
15806636020004,36,2013,2021,8,ne,dg_only,90.88099670410156,142.31350708007812,10.820562362670898,1823.9837646484375,5411.830078125,70.69624343833685,963.218990442876,1588.5029728396921
15806636020004,36,2013,2021,8,ne,dg_hg_organon,90.8801498413086,142.3135986328125,10.82050895690918,2065.205810546875,6312.96875,70.69624343833685,963.218990442876,1588.5029728396921
15806636020004,36,2013,2021,8,ne,dg_hg_clim,90.89615631103516,142.3136444091797,10.821457862854004,1860.6246337890625,5449.66796875,70.69624343833685,963.218990442876,1588.5029728396921
15806636020004,36,2013,2021,8,ne,full_dg_hg_organon_crw,90.8801498413086,142.3135986328125,10.82050895690918,2065.205810546875,6312.96875,70.69624343833685,963.218990442876,1588.5029728396921
15806636020004,36,2013,2021,8,ne,full_dg_hg_clim_crw,90.89615631103516,142.3136444091797,10.821457862854004,1860.6246337890625,5449.66796875,70.69624343833685,963.218990442876,1588.5029728396921
15806636020004,36,2013,2021,8,ne,hg_organon_crw,90.8801498413086,142.3135986328125,10.82050895690918,2065.205810546875,6312.96875,70.69624343833685,963.218990442876,1588.5029728396921
29637570020004,54,2013,2020,7,ne,hg_organon_crw,116.28327178955078,290.37396240234375,8.568720817565918,1889.6629638671875,3707.513671875,123.13990745547264,1619.583466290946,3517.40276182071
76903343010538,42,2006,2012,6,ne,hg_organon_crw,99.14225769042969,207.6605682373047,9.355969429016113,2545.176025390625,3609.43701171875,114.15494431838887,1591.773185054138,3008.79326109395
145023247010661,36,2009,2014,5,ne,dg_only,114.1834487915039,130.47657775878906,12.666939735412598,2837.623046875,14625.111328125,178.4596349977202,2271.17026958203,8420.003045049902
145023247010661,36,2009,2014,5,ne,dg_hg_organon,114.18101501464844,130.47666931152344,12.66679573059082,2982.58642578125,15645.64453125,178.4596349977202,2271.17026958203,8420.003045049902
145023247010661,36,2009,2014,5,ne,dg_hg_clim,114.1834487915039,130.47657775878906,12.666939735412598,2837.623046875,14625.111328125,178.4596349977202,2271.17026958203,8420.003045049902
145023247010661,36,2009,2014,5,ne,full_dg_hg_organon_crw,114.18101501464844,130.47666931152344,12.66679573059082,2982.58642578125,15645.64453125,178.4596349977202,2271.17026958203,8420.003045049902
145023247010661,36,2009,2014,5,ne,full_dg_hg_clim_crw,114.1834487915039,130.47657775878906,12.666939735412598,2837.623046875,14625.111328125,178.4596349977202,2271.17026958203,8420.003045049902
145023247010661,36,2009,2014,5,ne,hg_organon_crw,114.18101501464844,130.47666931152344,12.66679573059082,2982.58642578125,15645.64453125,178.4596349977202,2271.17026958203,8420.003045049902
375823386489998,23,2017,2022,5,ne,dg_only,32.771728515625,124.79146575927734,6.938945770263672,586.4862060546875,0.0,114.55300598623406,695.454440883138,0.0
375823386489998,23,2017,2022,5,ne,dg_hg_organon,32.77582550048828,124.79145050048828,6.939380645751953,600.277099609375,0.0,114.55300598623406,695.454440883138,0.0
375823386489998,23,2017,2022,5,ne,dg_hg_clim,32.77382278442383,124.79141998291016,6.939169883728027,585.2862548828125,0.0,114.55300598623406,695.454440883138,0.0
375823386489998,23,2017,2022,5,ne,full_dg_hg_organon_crw,32.77582550048828,124.79145050048828,6.939380645751953,600.277099609375,0.0,114.55300598623406,695.454440883138,0.0
375823386489998,23,2017,2022,5,ne,full_dg_hg_clim_crw,32.77382278442383,124.79141998291016,6.939169883728027,585.2862548828125,0.0,114.55300598623406,695.454440883138,0.0
375823386489998,23,2017,2022,5,ne,hg_organon_crw,32.77582550048828,124.79145050048828,6.939380645751953,600.277099609375,0.0,114.55300598623406,695.454440883138,0.0
76869487010538,42,2006,2011,5,ne,hg_organon_crw,71.12937927246094,65.50076293945312,14.110340118408203,2133.960693359375,11085.267578125,82.52058941618992,1731.160121374862,8988.642067164936
64261697010538,36,2005,2010,5,ne,dg_only,19.847286224365234,41.72211456298828,9.339071273803711,438.90618896484375,425.0683898925781,31.419173986451664,458.51378732930596,890.1708046661361
64261697010538,36,2005,2010,5,ne,dg_hg_organon,19.846473693847656,41.72211456298828,9.338879585266113,477.1833801269531,491.4354553222656,31.419173986451664,458.51378732930596,890.1708046661361
64261697010538,36,2005,2010,5,ne,dg_hg_clim,19.8475341796875,41.72212219238281,9.339128494262695,441.1012268066406,425.06622314453125,31.419173986451664,458.51378732930596,890.1708046661361
64261697010538,36,2005,2010,5,ne,full_dg_hg_organon_crw,19.846473693847656,41.72211456298828,9.338879585266113,477.1833801269531,491.4354553222656,31.419173986451664,458.51378732930596,890.1708046661361
64261697010538,36,2005,2010,5,ne,full_dg_hg_clim_crw,19.8475341796875,41.72212219238281,9.339128494262695,441.1012268066406,425.06622314453125,31.419173986451664,458.51378732930596,890.1708046661361
64261697010538,36,2005,2010,5,ne,hg_organon_crw,19.846473693847656,41.72211456298828,9.338879585266113,477.1833801269531,491.4354553222656,31.419173986451664,458.51378732930596,890.1708046661361
168998378010661,42,2011,2017,6,ne,hg_organon_crw,74.49555969238281,147.77615356445312,9.613893508911133,1849.3626708984375,3475.849853515625,86.4316632568393,1549.257946831388,3570.118822717254
70611804010538,23,2004,2009,5,ne,dg_only,29.7510986328125,41.48228073120117,11.467177391052246,628.541259765625,2843.773681640625,89.40893353932178,792.344500039458,3340.680782858978
70611804010538,23,2004,2009,5,ne,dg_hg_organon,29.748714447021484,41.4822883605957,11.466714859008789,660.8162841796875,2999.51513671875,89.40893353932178,792.344500039458,3340.680782858978
70611804010538,23,2004,2009,5,ne,dg_hg_clim,29.749725341796875,41.48227310180664,11.466912269592285,628.5068969726562,2843.604736328125,89.40893353932178,792.344500039458,3340.680782858978
70611804010538,23,2004,2009,5,ne,full_dg_hg_organon_crw,29.748714447021484,41.4822883605957,11.466714859008789,660.8162841796875,2999.51513671875,89.40893353932178,792.344500039458,3340.680782858978
70611804010538,23,2004,2009,5,ne,full_dg_hg_clim_crw,29.749725341796875,41.48227310180664,11.466912269592285,628.5068969726562,2843.604736328125,89.40893353932178,792.344500039458,3340.680782858978
70611804010538,23,2004,2009,5,ne,hg_organon_crw,29.748714447021484,41.4822883605957,11.466714859008789,660.8162841796875,2999.51513671875,89.40893353932178,792.344500039458,3340.680782858978
53715270010538,36,2003,2008,5,ne,dg_only,81.2737808227539,154.7036590576172,9.814346313476562,1703.0382080078125,4896.21728515625,118.46887033327828,1173.53136717476,3461.11904678617
53715270010538,36,2003,2008,5,ne,dg_hg_organon,81.26904296875,154.70372009277344,9.814056396484375,1777.9739990234375,5124.869140625,118.46887033327828,1173.53136717476,3461.11904678617
53715270010538,36,2003,2008,5,ne,dg_hg_clim,81.27375030517578,154.70364379882812,9.814342498779297,1703.27685546875,4896.21337890625,118.46887033327828,1173.53136717476,3461.11904678617
53715270010538,36,2003,2008,5,ne,full_dg_hg_organon_crw,81.26904296875,154.70372009277344,9.814056396484375,1777.9739990234375,5124.869140625,118.46887033327828,1173.53136717476,3461.11904678617
53715270010538,36,2003,2008,5,ne,full_dg_hg_clim_crw,81.27375030517578,154.70364379882812,9.814342498779297,1703.27685546875,4896.21337890625,118.46887033327828,1173.53136717476,3461.11904678617
53715270010538,36,2003,2008,5,ne,hg_organon_crw,81.26904296875,154.70372009277344,9.814056396484375,1777.9739990234375,5124.869140625,118.46887033327828,1173.53136717476,3461.11904678617
58408212010538,42,2003,2009,6,ne,hg_organon_crw,128.31719970703125,165.92247009277344,11.907654762268066,4078.283935546875,17064.880859375,122.85856549262391,2317.631402151922,9395.039377538724
247065573010661,54,2013,2019,6,ne,hg_organon_crw,128.39540100097656,184.40525817871094,11.29859447479248,3699.62158203125,11231.57421875,,,
53744169010538,36,2003,2008,5,ne,dg_only,163.0767059326172,164.64593505859375,13.475870132446289,4984.97705078125,21675.666015625,167.27352699444043,4557.15483200973,20316.12721082098
53744169010538,36,2003,2008,5,ne,dg_hg_organon,163.06829833984375,164.6492462158203,13.475383758544922,5054.265625,21771.2890625,167.27352699444043,4557.15483200973,20316.12721082098
53744169010538,36,2003,2008,5,ne,dg_hg_clim,163.07594299316406,164.6464385986328,13.475813865661621,4983.2001953125,21675.46875,167.27352699444043,4557.15483200973,20316.12721082098
53744169010538,36,2003,2008,5,ne,full_dg_hg_organon_crw,163.06829833984375,164.6492462158203,13.475383758544922,5054.265625,21771.2890625,167.27352699444043,4557.15483200973,20316.12721082098
53744169010538,36,2003,2008,5,ne,full_dg_hg_clim_crw,163.07594299316406,164.6464385986328,13.475813865661621,4983.2001953125,21675.46875,167.27352699444043,4557.15483200973,20316.12721082098
53744169010538,36,2003,2008,5,ne,hg_organon_crw,163.06829833984375,164.6492462158203,13.475383758544922,5054.265625,21771.2890625,167.27352699444043,4557.15483200973,20316.12721082098
58391351010538,42,2003,2008,5,ne,hg_organon_crw,116.9099349975586,148.56529235839844,12.011667251586914,3866.8408203125,14575.1376953125,115.4295740181896,3155.608981721902,10420.53509394478
15806958020004,36,2013,2019,6,ne,dg_only,85.46304321289062,177.28712463378906,9.401275634765625,1942.3870849609375,5686.5166015625,84.63309986660269,598.774868903714,506.09344596485005
15806958020004,36,2013,2019,6,ne,dg_hg_organon,85.46354675292969,177.28712463378906,9.401305198669434,2005.81787109375,5884.96484375,84.63309986660269,598.774868903714,506.09344596485005
15806958020004,36,2013,2019,6,ne,dg_hg_clim,85.46304321289062,177.28712463378906,9.401275634765625,1942.3870849609375,5686.5166015625,84.63309986660269,598.774868903714,506.09344596485005
15806958020004,36,2013,2019,6,ne,full_dg_hg_organon_crw,85.46354675292969,177.28712463378906,9.401305198669434,2005.81787109375,5884.96484375,84.63309986660269,598.774868903714,506.09344596485005
15806958020004,36,2013,2019,6,ne,full_dg_hg_clim_crw,85.46304321289062,177.28712463378906,9.401275634765625,1942.3870849609375,5686.5166015625,84.63309986660269,598.774868903714,506.09344596485005
15806958020004,36,2013,2019,6,ne,hg_organon_crw,85.46354675292969,177.28712463378906,9.401305198669434,2005.81787109375,5884.96484375,84.63309986660269,598.774868903714,506.09344596485005
168990296010661,36,2010,2016,6,ne,dg_only,12.893383026123047,17.764089584350586,11.535813331604004,245.6377716064453,758.87939453125,32.84574511306731,255.38157738829798,1021.819081473046
168990296010661,36,2010,2016,6,ne,dg_hg_organon,12.893383026123047,17.764089584350586,11.535813331604004,262.80615234375,881.4677124023438,32.84574511306731,255.38157738829798,1021.819081473046
168990296010661,36,2010,2016,6,ne,dg_hg_clim,12.893383026123047,17.764089584350586,11.535813331604004,245.6377716064453,758.87939453125,32.84574511306731,255.38157738829798,1021.819081473046
168990296010661,36,2010,2016,6,ne,full_dg_hg_organon_crw,12.893383026123047,17.764089584350586,11.535813331604004,262.80615234375,881.4677124023438,32.84574511306731,255.38157738829798,1021.819081473046
168990296010661,36,2010,2016,6,ne,full_dg_hg_clim_crw,12.893383026123047,17.764089584350586,11.535813331604004,245.6377716064453,758.87939453125,32.84574511306731,255.38157738829798,1021.819081473046
168990296010661,36,2010,2016,6,ne,hg_organon_crw,12.893383026123047,17.764089584350586,11.535813331604004,262.80615234375,881.4677124023438,32.84574511306731,255.38157738829798,1021.819081473046
68297241010538,42,2005,2010,5,ne,hg_organon_crw,60.36453628540039,77.2336196899414,11.97082233428955,1608.0772705078125,6413.86279296875,62.06567187792554,1232.43822809978,3764.711738322654
53074897010538,23,2003,2008,5,ne,dg_only,32.96863555908203,47.62559127807617,11.265917778015137,738.749267578125,2991.30517578125,15.11197834490285,121.980911784694,0.0
53074897010538,23,2003,2008,5,ne,dg_hg_organon,32.96765899658203,47.62560272216797,11.265750885009766,790.3712768554688,3333.4794921875,15.11197834490285,121.980911784694,0.0
53074897010538,23,2003,2008,5,ne,dg_hg_clim,32.96504592895508,47.62559127807617,11.265303611755371,740.4166259765625,2990.793701171875,15.11197834490285,121.980911784694,0.0
53074897010538,23,2003,2008,5,ne,full_dg_hg_organon_crw,32.96765899658203,47.62560272216797,11.265750885009766,790.3712768554688,3333.4794921875,15.11197834490285,121.980911784694,0.0
53074897010538,23,2003,2008,5,ne,full_dg_hg_clim_crw,32.96504592895508,47.62559127807617,11.265303611755371,740.4166259765625,2990.793701171875,15.11197834490285,121.980911784694,0.0
53074897010538,23,2003,2008,5,ne,hg_organon_crw,32.96765899658203,47.62560272216797,11.265750885009766,790.3712768554688,3333.4794921875,15.11197834490285,121.980911784694,0.0
122560138010661,54,2007,2013,6,ne,hg_organon_crw,118.74659729003906,148.1051788330078,12.124441146850586,4172.38818359375,15541.171875,105.26908827548161,2694.92935379961,9725.22022960252
375583650489998,33,2017,2024,7,ne,dg_only,55.72285461425781,94.61446380615234,10.391406059265137,1462.7464599609375,3189.94873046875,56.23593899339559,847.207613189376,1690.978621210452
375583650489998,33,2017,2024,7,ne,dg_hg_organon,55.72148895263672,94.61447143554688,10.391275405883789,1459.1685791015625,3175.4638671875,56.23593899339559,847.207613189376,1690.978621210452
375583650489998,33,2017,2024,7,ne,dg_hg_clim,55.72285461425781,94.61446380615234,10.391406059265137,1462.7464599609375,3189.94873046875,56.23593899339559,847.207613189376,1690.978621210452
375583650489998,33,2017,2024,7,ne,full_dg_hg_organon_crw,55.72148895263672,94.61447143554688,10.391275405883789,1459.1685791015625,3175.4638671875,56.23593899339559,847.207613189376,1690.978621210452
375583650489998,33,2017,2024,7,ne,full_dg_hg_clim_crw,55.72285461425781,94.61446380615234,10.391406059265137,1462.7464599609375,3189.94873046875,56.23593899339559,847.207613189376,1690.978621210452
375583650489998,33,2017,2024,7,ne,hg_organon_crw,55.72148895263672,94.61447143554688,10.391275405883789,1459.1685791015625,3175.4638671875,56.23593899339559,847.207613189376,1690.978621210452
58366674010538,42,2003,2008,5,ne,hg_organon_crw,29.082529067993164,47.56104278564453,10.588312149047852,686.6542358398438,2016.469482421875,48.598738057587305,631.136911268714,2386.421164416648
58350312010538,42,2002,2007,5,ne,hg_organon_crw,145.50384521484375,134.91241455078125,14.06201457977295,4203.76416015625,18927.951171875,162.31235062919413,3234.985172957872,14160.769200472323
243882874489998,23,2015,2020,5,ne,dg_only,80.22797393798828,88.96471405029297,12.858499526977539,2292.64990234375,9022.6689453125,100.91711527914777,2079.8879412616902,9542.675303674063
243882874489998,23,2015,2020,5,ne,dg_hg_organon,80.2254638671875,88.9646987915039,12.85830020904541,2372.699462890625,9691.5693359375,100.91711527914777,2079.8879412616902,9542.675303674063
243882874489998,23,2015,2020,5,ne,dg_hg_clim,80.22643280029297,88.96469116210938,12.858377456665039,2319.521484375,9022.556640625,100.91711527914777,2079.8879412616902,9542.675303674063
243882874489998,23,2015,2020,5,ne,full_dg_hg_organon_crw,80.2254638671875,88.9646987915039,12.85830020904541,2372.699462890625,9691.5693359375,100.91711527914777,2079.8879412616902,9542.675303674063
243882874489998,23,2015,2020,5,ne,full_dg_hg_clim_crw,80.22643280029297,88.96469116210938,12.858377456665039,2319.521484375,9022.556640625,100.91711527914777,2079.8879412616902,9542.675303674063
243882874489998,23,2015,2020,5,ne,hg_organon_crw,80.2254638671875,88.9646987915039,12.85830020904541,2372.699462890625,9691.5693359375,100.91711527914777,2079.8879412616902,9542.675303674063
222517533010661,23,2011,2016,5,ne,dg_only,104.83522033691406,82.97529602050781,15.22003173828125,2617.538818359375,14588.48046875,104.58210415590773,1743.37274071818,6740.474279924452
222517533010661,23,2011,2016,5,ne,dg_hg_organon,104.83914947509766,82.97533416748047,15.220312118530273,2738.69189453125,15271.8330078125,104.58210415590773,1743.37274071818,6740.474279924452
222517533010661,23,2011,2016,5,ne,dg_hg_clim,104.83522033691406,82.97529602050781,15.22003173828125,2617.538818359375,14588.48046875,104.58210415590773,1743.37274071818,6740.474279924452
222517533010661,23,2011,2016,5,ne,full_dg_hg_organon_crw,104.83914947509766,82.97533416748047,15.220312118530273,2738.69189453125,15271.8330078125,104.58210415590773,1743.37274071818,6740.474279924452
222517533010661,23,2011,2016,5,ne,full_dg_hg_clim_crw,104.83522033691406,82.97529602050781,15.22003173828125,2617.538818359375,14588.48046875,104.58210415590773,1743.37274071818,6740.474279924452
222517533010661,23,2011,2016,5,ne,hg_organon_crw,104.83914947509766,82.97533416748047,15.220312118530273,2738.69189453125,15271.8330078125,104.58210415590773,1743.37274071818,6740.474279924452
145007953010661,54,2009,2014,5,ne,hg_organon_crw,36.16897201538086,65.29950714111328,10.077422142028809,914.1249389648438,2969.729736328125,,,
65138752010538,36,2005,2010,5,ne,dg_only,48.85635757446289,101.2682876586914,9.405028343200684,1200.944580078125,1621.9920654296875,72.47361841003203,1053.30230256262,1924.9815295011078
65138752010538,36,2005,2010,5,ne,dg_hg_organon,48.85643005371094,101.26831817626953,9.405034065246582,1227.7568359375,1920.8974609375,72.47361841003203,1053.30230256262,1924.9815295011078
65138752010538,36,2005,2010,5,ne,dg_hg_clim,48.85975646972656,101.26825714111328,9.405359268188477,1199.4698486328125,1678.2340087890625,72.47361841003203,1053.30230256262,1924.9815295011078
65138752010538,36,2005,2010,5,ne,full_dg_hg_organon_crw,48.85643005371094,101.26831817626953,9.405034065246582,1227.7568359375,1920.8974609375,72.47361841003203,1053.30230256262,1924.9815295011078
65138752010538,36,2005,2010,5,ne,full_dg_hg_clim_crw,48.85975646972656,101.26825714111328,9.405359268188477,1199.4698486328125,1678.2340087890625,72.47361841003203,1053.30230256262,1924.9815295011078
65138752010538,36,2005,2010,5,ne,hg_organon_crw,48.85643005371094,101.26831817626953,9.405034065246582,1227.7568359375,1920.8974609375,72.47361841003203,1053.30230256262,1924.9815295011078
58536264010538,42,2003,2009,6,ne,hg_organon_crw,90.95862579345703,118.25186920166016,11.875563621520996,2718.653564453125,11278.4375,31.052529948760615,726.0891114686659,5320.733487414362
247105070010661,42,2013,2018,5,ne,hg_organon_crw,39.57067108154297,41.67960739135742,13.193532943725586,1258.4512939453125,5689.59814453125,48.74774825983608,834.161681034484,2989.654123562564
55881774010538,33,2002,2008,6,ne,dg_only,96.84081268310547,148.74517822265625,10.92557144165039,2374.71044921875,9147.4912109375,52.486833745747724,786.416514097848,1350.560128067434
55881774010538,33,2002,2008,6,ne,dg_hg_organon,96.84263610839844,148.7451934814453,10.925671577453613,2566.4482421875,9782.8291015625,52.486833745747724,786.416514097848,1350.560128067434
55881774010538,33,2002,2008,6,ne,dg_hg_clim,96.84081268310547,148.74517822265625,10.92557144165039,2374.71044921875,9147.4912109375,52.486833745747724,786.416514097848,1350.560128067434
55881774010538,33,2002,2008,6,ne,full_dg_hg_organon_crw,96.84263610839844,148.7451934814453,10.925671577453613,2566.4482421875,9782.8291015625,52.486833745747724,786.416514097848,1350.560128067434
55881774010538,33,2002,2008,6,ne,full_dg_hg_clim_crw,96.84081268310547,148.74517822265625,10.92557144165039,2374.71044921875,9147.4912109375,52.486833745747724,786.416514097848,1350.560128067434
55881774010538,33,2002,2008,6,ne,hg_organon_crw,96.84263610839844,148.7451934814453,10.925671577453613,2566.4482421875,9782.8291015625,52.486833745747724,786.416514097848,1350.560128067434
222095760010661,42,2011,2017,6,ne,hg_organon_crw,175.4713592529297,123.36206817626953,16.14910888671875,6521.13427734375,36299.94921875,16.71924918215366,258.29148918872403,1090.885204446184
70558158010538,23,2004,2009,5,ne,dg_only,111.9057846069336,202.57907104492188,10.063875198364258,2614.52783203125,6944.3818359375,126.20990984294887,2086.4812221886,5018.560832066176
70558158010538,23,2004,2009,5,ne,dg_hg_organon,111.90765380859375,202.57919311523438,10.063960075378418,2699.023681640625,6974.2666015625,126.20990984294887,2086.4812221886,5018.560832066176
70558158010538,23,2004,2009,5,ne,dg_hg_clim,111.9057846069336,202.57907104492188,10.063875198364258,2614.52783203125,6944.3818359375,126.20990984294887,2086.4812221886,5018.560832066176
70558158010538,23,2004,2009,5,ne,full_dg_hg_organon_crw,111.90765380859375,202.57919311523438,10.063960075378418,2699.023681640625,6974.2666015625,126.20990984294887,2086.4812221886,5018.560832066176
70558158010538,23,2004,2009,5,ne,full_dg_hg_clim_crw,111.9057846069336,202.57907104492188,10.063875198364258,2614.52783203125,6944.3818359375,126.20990984294887,2086.4812221886,5018.560832066176
70558158010538,23,2004,2009,5,ne,hg_organon_crw,111.90765380859375,202.57919311523438,10.063960075378418,2699.023681640625,6974.2666015625,126.20990984294887,2086.4812221886,5018.560832066176
222095156010661,42,2011,2017,6,ne,hg_organon_crw,196.4781494140625,216.97222900390625,12.88520622253418,6775.9990234375,30420.748046875,,,
145022619010661,36,2009,2014,5,ne,dg_only,110.16070556640625,279.1954345703125,8.505414962768555,2553.30615234375,2041.144775390625,126.39746250031742,2434.318611989268,2483.787882906398
145022619010661,36,2009,2014,5,ne,dg_hg_organon,110.16399383544922,279.1957092285156,8.505537986755371,2607.34912109375,2043.2581787109375,126.39746250031742,2434.318611989268,2483.787882906398
145022619010661,36,2009,2014,5,ne,dg_hg_clim,110.16631317138672,279.1955871582031,8.505627632141113,2551.8544921875,2041.7093505859375,126.39746250031742,2434.318611989268,2483.787882906398
145022619010661,36,2009,2014,5,ne,full_dg_hg_organon_crw,110.16399383544922,279.1957092285156,8.505537986755371,2607.34912109375,2043.2581787109375,126.39746250031742,2434.318611989268,2483.787882906398
145022619010661,36,2009,2014,5,ne,full_dg_hg_clim_crw,110.16631317138672,279.1955871582031,8.505627632141113,2551.8544921875,2041.7093505859375,126.39746250031742,2434.318611989268,2483.787882906398
145022619010661,36,2009,2014,5,ne,hg_organon_crw,110.16399383544922,279.1957092285156,8.505537986755371,2607.34912109375,2043.2581787109375,126.39746250031742,2434.318611989268,2483.787882906398
29637110020004,54,2013,2020,7,ne,hg_organon_crw,188.6912841796875,169.8016357421875,14.273850440979004,7664.6396484375,39478.23046875,215.23462104027917,5998.53170349902,26838.204206223127
221353403010661,24,2011,2017,6,ne,hg_organon_crw,111.92443084716797,136.4995574951172,12.261204719543457,3492.316650390625,15187.3173828125,113.37022818205585,2250.479589521154,9812.920196910745
52820861010538,23,2000,2005,5,ne,dg_only,156.26744079589844,279.00958251953125,10.133535385131836,3783.734130859375,12428.275390625,172.47183308670975,3579.4383747709,11513.069929052208
52820861010538,23,2000,2005,5,ne,dg_hg_organon,156.26727294921875,279.00933837890625,10.133532524108887,3844.558837890625,12659.595703125,172.47183308670975,3579.4383747709,11513.069929052208
52820861010538,23,2000,2005,5,ne,dg_hg_clim,156.26963806152344,279.0093994140625,10.133615493774414,3766.19482421875,12398.3388671875,172.47183308670975,3579.4383747709,11513.069929052208
52820861010538,23,2000,2005,5,ne,full_dg_hg_organon_crw,156.26727294921875,279.00933837890625,10.133532524108887,3844.558837890625,12659.595703125,172.47183308670975,3579.4383747709,11513.069929052208
52820861010538,23,2000,2005,5,ne,full_dg_hg_clim_crw,156.26963806152344,279.0093994140625,10.133615493774414,3766.19482421875,12398.3388671875,172.47183308670975,3579.4383747709,11513.069929052208
52820861010538,23,2000,2005,5,ne,hg_organon_crw,156.26727294921875,279.00933837890625,10.133532524108887,3844.558837890625,12659.595703125,172.47183308670975,3579.4383747709,11513.069929052208
29637503020004,54,2013,2019,6,ne,hg_organon_crw,66.24870300292969,76.87663269042969,12.569785118103027,2100.78173828125,9167.98046875,85.32170046455897,1808.38855022803,7227.746702269476
55934057010538,25,2004,2009,5,ne,dg_only,155.45733642578125,208.07662963867188,11.70389175415039,4426.12255859375,13373.9453125,172.3866125860491,3397.95255272189,8704.155287527872
55934057010538,25,2004,2009,5,ne,dg_hg_organon,155.46151733398438,208.07461547851562,11.704102516174316,4494.82861328125,14070.9931640625,172.3866125860491,3397.95255272189,8704.155287527872
55934057010538,25,2004,2009,5,ne,dg_hg_clim,155.4747314453125,208.06883239746094,11.704765319824219,4433.5419921875,13573.4306640625,172.3866125860491,3397.95255272189,8704.155287527872
55934057010538,25,2004,2009,5,ne,full_dg_hg_organon_crw,155.46151733398438,208.07461547851562,11.704102516174316,4494.82861328125,14070.9931640625,172.3866125860491,3397.95255272189,8704.155287527872
55934057010538,25,2004,2009,5,ne,full_dg_hg_clim_crw,155.4747314453125,208.06883239746094,11.704765319824219,4433.5419921875,13573.4306640625,172.3866125860491,3397.95255272189,8704.155287527872
55934057010538,25,2004,2009,5,ne,hg_organon_crw,155.46151733398438,208.07461547851562,11.704102516174316,4494.82861328125,14070.9931640625,172.3866125860491,3397.95255272189,8704.155287527872
168997362010661,42,2010,2015,5,ne,hg_organon_crw,90.98773956298828,130.90489196777344,11.28885269165039,2697.3310546875,9251.3603515625,102.32809809525571,1701.672069093714,4020.979828049166
52831376010538,23,2000,2005,5,ne,dg_only,124.51554107666016,296.5338439941406,8.77426528930664,2314.061279296875,4727.9580078125,130.29047330243844,1968.227334436074,3902.674985501158
52831376010538,23,2000,2005,5,ne,dg_hg_organon,124.50658416748047,296.5340270996094,8.773951530456543,2400.953125,4552.98681640625,130.29047330243844,1968.227334436074,3902.674985501158
52831376010538,23,2000,2005,5,ne,dg_hg_clim,124.51288604736328,296.533935546875,8.774177551269531,2329.052978515625,4727.79345703125,130.29047330243844,1968.227334436074,3902.674985501158
52831376010538,23,2000,2005,5,ne,full_dg_hg_organon_crw,124.50658416748047,296.5340270996094,8.773951530456543,2400.953125,4552.98681640625,130.29047330243844,1968.227334436074,3902.674985501158
52831376010538,23,2000,2005,5,ne,full_dg_hg_clim_crw,124.51288604736328,296.533935546875,8.774177551269531,2329.052978515625,4727.79345703125,130.29047330243844,1968.227334436074,3902.674985501158
52831376010538,23,2000,2005,5,ne,hg_organon_crw,124.50658416748047,296.5340270996094,8.773951530456543,2400.953125,4552.98681640625,130.29047330243844,1968.227334436074,3902.674985501158
16264768020004,42,2013,2019,6,ne,hg_organon_crw,150.7899627685547,231.58084106445312,10.92625617980957,3685.392578125,9099.615234375,161.91061492704108,2895.282935613682,8255.265968588894
68280368010538,42,2005,2010,5,ne,hg_organon_crw,145.89024353027344,286.9970397949219,9.654074668884277,4100.85791015625,8162.0048828125,147.2189703123861,3178.82896828198,6047.897752891158
145021957010661,36,2009,2014,5,ne,dg_only,119.68622589111328,261.4833984375,9.160862922668457,2324.406005859375,6976.89892578125,150.8517895771085,1971.75563055323,4902.099503567394
145021957010661,36,2009,2014,5,ne,dg_hg_organon,119.70181274414062,261.48345947265625,9.161456108093262,2369.073974609375,7072.978515625,150.8517895771085,1971.75563055323,4902.099503567394
145021957010661,36,2009,2014,5,ne,dg_hg_clim,119.6865463256836,261.4833984375,9.160879135131836,2319.2900390625,6916.73876953125,150.8517895771085,1971.75563055323,4902.099503567394
145021957010661,36,2009,2014,5,ne,full_dg_hg_organon_crw,119.70181274414062,261.48345947265625,9.161456108093262,2369.073974609375,7072.978515625,150.8517895771085,1971.75563055323,4902.099503567394
145021957010661,36,2009,2014,5,ne,full_dg_hg_clim_crw,119.6865463256836,261.4833984375,9.160879135131836,2319.2900390625,6916.73876953125,150.8517895771085,1971.75563055323,4902.099503567394
145021957010661,36,2009,2014,5,ne,hg_organon_crw,119.70181274414062,261.48345947265625,9.161456108093262,2369.073974609375,7072.978515625,150.8517895771085,1971.75563055323,4902.099503567394
168997872010661,42,2010,2016,6,ne,hg_organon_crw,49.68988800048828,71.32270050048828,11.302026748657227,1311.226806640625,4501.0419921875,76.97899099863469,1000.670253588236,4513.880302941206
118182155010661,36,2008,2013,5,ne,dg_only,182.20314025878906,233.39308166503906,11.963831901550293,4746.04345703125,20409.357421875,169.51053330803157,3781.22983627966,15120.833103920731
118182155010661,36,2008,2013,5,ne,dg_hg_organon,182.1935272216797,233.39723205566406,11.963406562805176,5003.51123046875,21254.298828125,169.51053330803157,3781.22983627966,15120.833103920731
118182155010661,36,2008,2013,5,ne,dg_hg_clim,182.19313049316406,233.39793395996094,11.963380813598633,4794.875,20731.271484375,169.51053330803157,3781.22983627966,15120.833103920731
118182155010661,36,2008,2013,5,ne,full_dg_hg_organon_crw,182.1935272216797,233.39723205566406,11.963406562805176,5003.51123046875,21254.298828125,169.51053330803157,3781.22983627966,15120.833103920731
118182155010661,36,2008,2013,5,ne,full_dg_hg_clim_crw,182.19313049316406,233.39793395996094,11.963380813598633,4794.875,20731.271484375,169.51053330803157,3781.22983627966,15120.833103920731
118182155010661,36,2008,2013,5,ne,hg_organon_crw,182.1935272216797,233.39723205566406,11.963406562805176,5003.51123046875,21254.298828125,169.51053330803157,3781.22983627966,15120.833103920731
15666255020004,23,2013,2018,5,ne,dg_only,74.59662628173828,195.89761352539062,8.355673789978027,1433.414306640625,2603.915771484375,78.00891360372655,987.8945377167901,1883.9226463742662
15666255020004,23,2013,2018,5,ne,dg_hg_organon,74.59197998046875,195.89761352539062,8.355411529541016,1452.8662109375,2556.033935546875,78.00891360372655,987.8945377167901,1883.9226463742662
15666255020004,23,2013,2018,5,ne,dg_hg_clim,74.59672546386719,195.89764404296875,8.35567569732666,1421.5660400390625,2603.868896484375,78.00891360372655,987.8945377167901,1883.9226463742662
15666255020004,23,2013,2018,5,ne,full_dg_hg_organon_crw,74.59197998046875,195.89761352539062,8.355411529541016,1452.8662109375,2556.033935546875,78.00891360372655,987.8945377167901,1883.9226463742662
15666255020004,23,2013,2018,5,ne,full_dg_hg_clim_crw,74.59672546386719,195.89764404296875,8.35567569732666,1421.5660400390625,2603.868896484375,78.00891360372655,987.8945377167901,1883.9226463742662
15666255020004,23,2013,2018,5,ne,hg_organon_crw,74.59197998046875,195.89761352539062,8.355411529541016,1452.8662109375,2556.033935546875,78.00891360372655,987.8945377167901,1883.9226463742662
171871847020004,50,2014,2021,7,ne,dg_only,131.5965576171875,165.10018920898438,12.08884334564209,3392.17333984375,12762.5048828125,133.8225795692248,1793.457037882372,4841.463080294158
171871847020004,50,2014,2021,7,ne,dg_hg_organon,131.6092529296875,165.1002960205078,12.089422225952148,3531.2021484375,13251.37109375,133.8225795692248,1793.457037882372,4841.463080294158
171871847020004,50,2014,2021,7,ne,dg_hg_clim,131.5948028564453,165.1001739501953,12.088760375976562,3412.56689453125,12932.6943359375,133.8225795692248,1793.457037882372,4841.463080294158
171871847020004,50,2014,2021,7,ne,full_dg_hg_organon_crw,131.6092529296875,165.1002960205078,12.089422225952148,3531.2021484375,13251.37109375,133.8225795692248,1793.457037882372,4841.463080294158
171871847020004,50,2014,2021,7,ne,full_dg_hg_clim_crw,131.5948028564453,165.1001739501953,12.088760375976562,3412.56689453125,12932.6943359375,133.8225795692248,1793.457037882372,4841.463080294158
171871847020004,50,2014,2021,7,ne,hg_organon_crw,131.6092529296875,165.1002960205078,12.089422225952148,3531.2021484375,13251.37109375,133.8225795692248,1793.457037882372,4841.463080294158
145006455010661,24,2009,2015,6,ne,hg_organon_crw,110.34040832519531,106.96383666992188,13.752607345581055,3994.79736328125,20785.15625,135.13327046433892,3696.59101426784,17658.715390889283
306336171489998,54,2016,2024,8,ne,hg_organon_crw,81.4314193725586,118.41414642333984,11.22872543334961,2314.18701171875,6938.44873046875,62.958408349406426,1258.372527929192,3023.052696116466
15806253020004,36,2013,2019,6,ne,dg_only,21.3765926361084,29.539907455444336,11.518632888793945,648.254638671875,2696.98291015625,23.30734390149458,535.077083684416,1633.080655607102
15806253020004,36,2013,2019,6,ne,dg_hg_organon,21.363882064819336,29.539915084838867,11.51520824432373,684.2939453125,2918.40576171875,23.30734390149458,535.077083684416,1633.080655607102
15806253020004,36,2013,2019,6,ne,dg_hg_clim,21.352624893188477,29.5399227142334,11.512171745300293,655.1331787109375,2692.122314453125,23.30734390149458,535.077083684416,1633.080655607102
15806253020004,36,2013,2019,6,ne,full_dg_hg_organon_crw,21.363882064819336,29.539915084838867,11.51520824432373,684.2939453125,2918.40576171875,23.30734390149458,535.077083684416,1633.080655607102
15806253020004,36,2013,2019,6,ne,full_dg_hg_clim_crw,21.352624893188477,29.5399227142334,11.512171745300293,655.1331787109375,2692.122314453125,23.30734390149458,535.077083684416,1633.080655607102
15806253020004,36,2013,2019,6,ne,hg_organon_crw,21.363882064819336,29.539915084838867,11.51520824432373,684.2939453125,2918.40576171875,23.30734390149458,535.077083684416,1633.080655607102
65139485010538,36,2004,2010,6,ne,dg_only,17.078590393066406,35.696964263916016,9.365838050842285,244.18370056152344,526.5166015625,28.04313425863157,300.76457701729004,0.0
65139485010538,36,2004,2010,6,ne,dg_hg_organon,17.074932098388672,35.69696807861328,9.364835739135742,278.9656982421875,651.8104248046875,28.04313425863157,300.76457701729004,0.0
65139485010538,36,2004,2010,6,ne,dg_hg_clim,17.078590393066406,35.696964263916016,9.365838050842285,244.18370056152344,526.5166015625,28.04313425863157,300.76457701729004,0.0
65139485010538,36,2004,2010,6,ne,full_dg_hg_organon_crw,17.074932098388672,35.69696807861328,9.364835739135742,278.9656982421875,651.8104248046875,28.04313425863157,300.76457701729004,0.0
65139485010538,36,2004,2010,6,ne,full_dg_hg_clim_crw,17.078590393066406,35.696964263916016,9.365838050842285,244.18370056152344,526.5166015625,28.04313425863157,300.76457701729004,0.0
65139485010538,36,2004,2010,6,ne,hg_organon_crw,17.074932098388672,35.69696807861328,9.364835739135742,278.9656982421875,651.8104248046875,28.04313425863157,300.76457701729004,0.0
16365413020004,50,2013,2020,7,ne,dg_only,23.56817054748535,59.417423248291016,8.527904510498047,556.0328369140625,0.0,16.333478177748873,233.40534039504,416.073371472474
16365413020004,50,2013,2020,7,ne,dg_hg_organon,23.56528663635254,59.41740036010742,8.527384757995605,604.6512451171875,0.0,16.333478177748873,233.40534039504,416.073371472474
16365413020004,50,2013,2020,7,ne,dg_hg_clim,23.566848754882812,59.417388916015625,8.527667999267578,559.5338745117188,0.0,16.333478177748873,233.40534039504,416.073371472474
16365413020004,50,2013,2020,7,ne,full_dg_hg_organon_crw,23.56528663635254,59.41740036010742,8.527384757995605,604.6512451171875,0.0,16.333478177748873,233.40534039504,416.073371472474
16365413020004,50,2013,2020,7,ne,full_dg_hg_clim_crw,23.566848754882812,59.417388916015625,8.527667999267578,559.5338745117188,0.0,16.333478177748873,233.40534039504,416.073371472474
16365413020004,50,2013,2020,7,ne,hg_organon_crw,23.56528663635254,59.41740036010742,8.527384757995605,604.6512451171875,0.0,16.333478177748873,233.40534039504,416.073371472474
251021748489998,42,2015,2022,7,ne,hg_organon_crw,37.73472595214844,88.92501068115234,8.820533752441406,971.162109375,810.7850952148438,63.204631870515,753.593730131088,659.220465956336
171920269020004,54,2015,2022,7,ne,hg_organon_crw,24.4460506439209,47.48931121826172,9.714997291564941,643.4315185546875,2030.6688232421875,18.762483134412076,468.258129177908,1355.3048939488922
145019521010661,42,2009,2015,6,ne,hg_organon_crw,129.8599853515625,100.94786834716797,15.357671737670898,5206.60595703125,27866.138671875,137.0447731595527,4191.113406719294,21166.510486704097
304152051489998,25,2016,2023,7,ne,dg_only,101.08367919921875,124.34378051757812,12.208571434020996,2747.638916015625,9566.0517578125,88.65699923312265,1646.04125788776,5798.759904245906
304152051489998,25,2016,2023,7,ne,dg_hg_organon,101.07427215576172,124.34375,12.208001136779785,2890.705322265625,10077.447265625,88.65699923312265,1646.04125788776,5798.759904245906
304152051489998,25,2016,2023,7,ne,dg_hg_clim,101.08367919921875,124.34378051757812,12.208571434020996,2748.874267578125,9566.0517578125,88.65699923312265,1646.04125788776,5798.759904245906
304152051489998,25,2016,2023,7,ne,full_dg_hg_organon_crw,101.07427215576172,124.34375,12.208001136779785,2890.705322265625,10077.447265625,88.65699923312265,1646.04125788776,5798.759904245906
304152051489998,25,2016,2023,7,ne,full_dg_hg_clim_crw,101.08367919921875,124.34378051757812,12.208571434020996,2748.874267578125,9566.0517578125,88.65699923312265,1646.04125788776,5798.759904245906
304152051489998,25,2016,2023,7,ne,hg_organon_crw,101.07427215576172,124.34375,12.208001136779785,2890.705322265625,10077.447265625,88.65699923312265,1646.04125788776,5798.759904245906
15806960020004,36,2013,2020,7,ne,dg_only,95.96556854248047,165.42161560058594,10.313302993774414,2501.327880859375,6609.78857421875,98.36753603006612,1891.163029733418,4886.3384697791425
15806960020004,36,2013,2020,7,ne,dg_hg_organon,95.96512603759766,165.42164611816406,10.31328296661377,2605.11474609375,6881.99072265625,98.36753603006612,1891.163029733418,4886.3384697791425
15806960020004,36,2013,2020,7,ne,dg_hg_clim,95.96470642089844,165.42164611816406,10.31325912475586,2514.773193359375,6552.763671875,98.36753603006612,1891.163029733418,4886.3384697791425
15806960020004,36,2013,2020,7,ne,full_dg_hg_organon_crw,95.96512603759766,165.42164611816406,10.31328296661377,2605.11474609375,6881.99072265625,98.36753603006612,1891.163029733418,4886.3384697791425
15806960020004,36,2013,2020,7,ne,full_dg_hg_clim_crw,95.96470642089844,165.42164611816406,10.31325912475586,2514.773193359375,6552.763671875,98.36753603006612,1891.163029733418,4886.3384697791425
15806960020004,36,2013,2020,7,ne,hg_organon_crw,95.96512603759766,165.42164611816406,10.31328296661377,2605.11474609375,6881.99072265625,98.36753603006612,1891.163029733418,4886.3384697791425
53053502010538,23,2003,2008,5,ne,dg_only,62.02565002441406,118.76437377929688,9.785406112670898,1329.63818359375,4586.79833984375,62.83685155604934,491.546155766062,921.6258372282459
53053502010538,23,2003,2008,5,ne,dg_hg_organon,62.02058792114258,118.764404296875,9.785006523132324,1380.690673828125,4712.63232421875,62.83685155604934,491.546155766062,921.6258372282459
53053502010538,23,2003,2008,5,ne,dg_hg_clim,62.025699615478516,118.76438903808594,9.785411834716797,1330.83203125,4586.78515625,62.83685155604934,491.546155766062,921.6258372282459
53053502010538,23,2003,2008,5,ne,full_dg_hg_organon_crw,62.02058792114258,118.764404296875,9.785006523132324,1380.690673828125,4712.63232421875,62.83685155604934,491.546155766062,921.6258372282459
53053502010538,23,2003,2008,5,ne,full_dg_hg_clim_crw,62.025699615478516,118.76438903808594,9.785411834716797,1330.83203125,4586.78515625,62.83685155604934,491.546155766062,921.6258372282459
53053502010538,23,2003,2008,5,ne,hg_organon_crw,62.02058792114258,118.764404296875,9.785006523132324,1380.690673828125,4712.63232421875,62.83685155604934,491.546155766062,921.6258372282459
75814422010538,23,2006,2011,5,ne,dg_only,54.55606460571289,112.96275329589844,9.410012245178223,1246.6473388671875,3221.42578125,58.366808604392595,1098.76545052824,2909.993573635048
75814422010538,23,2006,2011,5,ne,dg_hg_organon,54.552974700927734,112.96273803710938,9.409744262695312,1287.6024169921875,3598.1953125,58.366808604392595,1098.76545052824,2909.993573635048
75814422010538,23,2006,2011,5,ne,dg_hg_clim,54.55615234375,112.96269989013672,9.410021781921387,1244.8756103515625,3221.4404296875,58.366808604392595,1098.76545052824,2909.993573635048
75814422010538,23,2006,2011,5,ne,full_dg_hg_organon_crw,54.552974700927734,112.96273803710938,9.409744262695312,1287.6024169921875,3598.1953125,58.366808604392595,1098.76545052824,2909.993573635048
75814422010538,23,2006,2011,5,ne,full_dg_hg_clim_crw,54.55615234375,112.96269989013672,9.410021781921387,1244.8756103515625,3221.4404296875,58.366808604392595,1098.76545052824,2909.993573635048
75814422010538,23,2006,2011,5,ne,hg_organon_crw,54.552974700927734,112.96273803710938,9.409744262695312,1287.6024169921875,3598.1953125,58.366808604392595,1098.76545052824,2909.993573635048
511304765126144,34,2019,2025,6,ne,hg_organon_crw,33.100738525390625,41.385196685791016,12.109678268432617,973.3250732421875,3866.51708984375,,,
53964317010538,36,2004,2009,5,ne,dg_only,87.04689025878906,208.2899169921875,8.753439903259277,1909.47412109375,2112.30029296875,81.5673244064795,1690.648892470112,2719.839436362236
53964317010538,36,2004,2009,5,ne,dg_hg_organon,87.04285430908203,208.29006958007812,8.753235816955566,1915.691162109375,2141.1669921875,81.5673244064795,1690.648892470112,2719.839436362236
53964317010538,36,2004,2009,5,ne,dg_hg_clim,87.04782104492188,208.28997802734375,8.753487586975098,1903.4669189453125,2112.714111328125,81.5673244064795,1690.648892470112,2719.839436362236
53964317010538,36,2004,2009,5,ne,full_dg_hg_organon_crw,87.04285430908203,208.29006958007812,8.753235816955566,1915.691162109375,2141.1669921875,81.5673244064795,1690.648892470112,2719.839436362236
53964317010538,36,2004,2009,5,ne,full_dg_hg_clim_crw,87.04782104492188,208.28997802734375,8.753487586975098,1903.4669189453125,2112.714111328125,81.5673244064795,1690.648892470112,2719.839436362236
53964317010538,36,2004,2009,5,ne,hg_organon_crw,87.04285430908203,208.29006958007812,8.753235816955566,1915.691162109375,2141.1669921875,81.5673244064795,1690.648892470112,2719.839436362236
52875068010538,23,2001,2006,5,ne,dg_only,95.78665924072266,219.62799072265625,8.94221305847168,2020.7852783203125,3981.73876953125,111.31903320393836,1516.806915620186,3130.167541805752
52875068010538,23,2001,2006,5,ne,dg_hg_organon,95.7998275756836,219.62803649902344,8.942827224731445,2057.177001953125,4047.27880859375,111.31903320393836,1516.806915620186,3130.167541805752
52875068010538,23,2001,2006,5,ne,dg_hg_clim,95.78959655761719,219.6280975341797,8.942346572875977,2016.463623046875,3981.84033203125,111.31903320393836,1516.806915620186,3130.167541805752
52875068010538,23,2001,2006,5,ne,full_dg_hg_organon_crw,95.7998275756836,219.62803649902344,8.942827224731445,2057.177001953125,4047.27880859375,111.31903320393836,1516.806915620186,3130.167541805752
52875068010538,23,2001,2006,5,ne,full_dg_hg_clim_crw,95.78959655761719,219.6280975341797,8.942346572875977,2016.463623046875,3981.84033203125,111.31903320393836,1516.806915620186,3130.167541805752
52875068010538,23,2001,2006,5,ne,hg_organon_crw,95.7998275756836,219.62803649902344,8.942827224731445,2057.177001953125,4047.27880859375,111.31903320393836,1516.806915620186,3130.167541805752
76918495010538,42,2006,2011,5,ne,hg_organon_crw,49.308677673339844,137.25733947753906,8.115777015686035,1007.3937377929688,0.0,54.133252964848026,580.64617333182,0.0
58177827010538,42,2000,2005,5,ne,hg_organon_crw,91.12113189697266,148.87974548339844,10.593219757080078,2411.901123046875,7153.3564453125,81.64193000709994,1621.493052467206,3835.7323059869364
222474184010661,33,2011,2017,6,ne,dg_only,110.98114776611328,212.9139862060547,9.775948524475098,2224.808349609375,4364.830078125,105.88205110875226,1656.47880641901,1491.132553251652
222474184010661,33,2011,2017,6,ne,dg_hg_organon,111.05081939697266,212.91383361816406,9.77901554107666,2404.858154296875,4866.82666015625,105.88205110875226,1656.47880641901,1491.132553251652
222474184010661,33,2011,2017,6,ne,dg_hg_clim,110.9577865600586,212.91404724121094,9.774917602539062,2280.441650390625,4595.96826171875,105.88205110875226,1656.47880641901,1491.132553251652
222474184010661,33,2011,2017,6,ne,full_dg_hg_organon_crw,111.05081939697266,212.91383361816406,9.77901554107666,2404.858154296875,4866.82666015625,105.88205110875226,1656.47880641901,1491.132553251652
222474184010661,33,2011,2017,6,ne,full_dg_hg_clim_crw,110.9577865600586,212.91404724121094,9.774917602539062,2280.441650390625,4595.96826171875,105.88205110875226,1656.47880641901,1491.132553251652
222474184010661,33,2011,2017,6,ne,hg_organon_crw,111.05081939697266,212.91383361816406,9.77901554107666,2404.858154296875,4866.82666015625,105.88205110875226,1656.47880641901,1491.132553251652
58215829010538,42,2000,2005,5,ne,hg_organon_crw,79.65914154052734,172.8216552734375,9.192952156066895,1926.9642333984375,3379.064697265625,85.92964100341615,1325.547564199474,2625.370840320798
58576073010538,42,2004,2009,5,ne,hg_organon_crw,98.81464385986328,118.52987670898438,12.36325740814209,2851.553955078125,11844.9462890625,109.72071619212795,2197.96925552712,8354.030552785478
451063113489998,23,2018,2023,5,ne,dg_only,120.12019348144531,207.89120483398438,10.292632102966309,2622.47412109375,9015.1142578125,158.18679308013947,2827.73429904772,9337.681730159393
451063113489998,23,2018,2023,5,ne,dg_hg_organon,120.12328338623047,207.8910369873047,10.292760848999023,2821.665283203125,9728.380859375,158.18679308013947,2827.73429904772,9337.681730159393
451063113489998,23,2018,2023,5,ne,dg_hg_clim,120.11890411376953,207.89109802246094,10.292573928833008,2664.2783203125,8882.7880859375,158.18679308013947,2827.73429904772,9337.681730159393
451063113489998,23,2018,2023,5,ne,full_dg_hg_organon_crw,120.12328338623047,207.8910369873047,10.292760848999023,2821.665283203125,9728.380859375,158.18679308013947,2827.73429904772,9337.681730159393
451063113489998,23,2018,2023,5,ne,full_dg_hg_clim_crw,120.11890411376953,207.89109802246094,10.292573928833008,2664.2783203125,8882.7880859375,158.18679308013947,2827.73429904772,9337.681730159393
451063113489998,23,2018,2023,5,ne,hg_organon_crw,120.12328338623047,207.8910369873047,10.292760848999023,2821.665283203125,9728.380859375,158.18679308013947,2827.73429904772,9337.681730159393
375583610489998,33,2017,2024,7,ne,dg_only,140.23556518554688,253.8401641845703,10.064340591430664,3277.73291015625,10107.8203125,173.88051061005456,2788.540865747774,6733.994541471424
375583610489998,33,2017,2024,7,ne,dg_hg_organon,140.21884155273438,253.84024047851562,10.063735961914062,3479.451416015625,10556.181640625,173.88051061005456,2788.540865747774,6733.994541471424
375583610489998,33,2017,2024,7,ne,dg_hg_clim,140.23556518554688,253.8401641845703,10.064340591430664,3282.597900390625,10143.9091796875,173.88051061005456,2788.540865747774,6733.994541471424
375583610489998,33,2017,2024,7,ne,full_dg_hg_organon_crw,140.21884155273438,253.84024047851562,10.063735961914062,3479.451416015625,10556.181640625,173.88051061005456,2788.540865747774,6733.994541471424
375583610489998,33,2017,2024,7,ne,full_dg_hg_clim_crw,140.23556518554688,253.8401641845703,10.064340591430664,3282.597900390625,10143.9091796875,173.88051061005456,2788.540865747774,6733.994541471424
375583610489998,33,2017,2024,7,ne,hg_organon_crw,140.21884155273438,253.84024047851562,10.063735961914062,3479.451416015625,10556.181640625,173.88051061005456,2788.540865747774,6733.994541471424
107545724010661,23,2008,2013,5,ne,dg_only,14.322413444519043,47.42894744873047,7.440850257873535,254.63229370117188,198.41583251953125,23.74802176371621,365.790310284994,462.694770625392
107545724010661,23,2008,2013,5,ne,dg_hg_organon,14.322016716003418,47.42894744873047,7.440748691558838,283.8438415527344,234.47848510742188,23.74802176371621,365.790310284994,462.694770625392
107545724010661,23,2008,2013,5,ne,dg_hg_clim,14.322968482971191,47.428932189941406,7.440995216369629,263.80523681640625,234.50186157226562,23.74802176371621,365.790310284994,462.694770625392
107545724010661,23,2008,2013,5,ne,full_dg_hg_organon_crw,14.322016716003418,47.42894744873047,7.440748691558838,283.8438415527344,234.47848510742188,23.74802176371621,365.790310284994,462.694770625392
107545724010661,23,2008,2013,5,ne,full_dg_hg_clim_crw,14.322968482971191,47.428932189941406,7.440995216369629,263.80523681640625,234.50186157226562,23.74802176371621,365.790310284994,462.694770625392
107545724010661,23,2008,2013,5,ne,hg_organon_crw,14.322016716003418,47.42894744873047,7.440748691558838,283.8438415527344,234.47848510742188,23.74802176371621,365.790310284994,462.694770625392
171958531020004,42,2015,2023,8,ne,hg_organon_crw,76.02625274658203,183.86026000976562,8.707110404968262,2019.689208984375,1039.7218017578125,,,
52880261010538,23,2001,2006,5,ne,dg_only,51.76178741455078,95.05473327636719,9.99203872680664,1037.5809326171875,2424.278076171875,72.32993819633118,1039.1634872360821,1789.81487431685
52880261010538,23,2001,2006,5,ne,dg_hg_organon,51.76003646850586,95.05477905273438,9.991868019104004,1118.3876953125,2954.3662109375,72.32993819633118,1039.1634872360821,1789.81487431685
52880261010538,23,2001,2006,5,ne,dg_hg_clim,51.76155471801758,95.0547103881836,9.992015838623047,1038.1644287109375,2424.260009765625,72.32993819633118,1039.1634872360821,1789.81487431685
52880261010538,23,2001,2006,5,ne,full_dg_hg_organon_crw,51.76003646850586,95.05477905273438,9.991868019104004,1118.3876953125,2954.3662109375,72.32993819633118,1039.1634872360821,1789.81487431685
52880261010538,23,2001,2006,5,ne,full_dg_hg_clim_crw,51.76155471801758,95.0547103881836,9.992015838623047,1038.1644287109375,2424.260009765625,72.32993819633118,1039.1634872360821,1789.81487431685
52880261010538,23,2001,2006,5,ne,hg_organon_crw,51.76003646850586,95.05477905273438,9.991868019104004,1118.3876953125,2954.3662109375,72.32993819633118,1039.1634872360821,1789.81487431685
