PLOT,STATE,MEASYEAR1,MEASYEAR2,PERIOD_YR,variant,config,BA_PRED,TPA_PRED,QMD_PRED,MCuFt_PRED,BdFt_PRED,BA_OBS
39637246010690,35,2010,2015,5,pn,default,68.47892761230469,77.5342025756836,12.725298881530762,1877.099609375,9945.59765625,87.74206636493567
39637246010690,35,2010,2015,5,pn,calibrated,68.49005889892578,77.55084228515625,12.72497272491455,1877.3876953125,9947.037109375,87.74206636493567
39637246010690,35,2010,2015,5,pn,hg_bayes,68.54855346679688,77.53416442871094,12.731771469116211,2133.8642578125,11616.5791015625,87.74206636493567
39637246010690,35,2010,2015,5,pn,hg_organon,68.54855346679688,77.53416442871094,12.731771469116211,2133.8642578125,11616.5791015625,87.74206636493567
39637246010690,35,2010,2015,5,pn,hg_conus_sp,68.47899627685547,77.5342025756836,12.72530460357666,1921.74755859375,10142.033203125,87.74206636493567
39637246010690,35,2010,2015,5,pn,hg_conus_clim,68.54854583740234,77.53416442871094,12.731770515441895,2126.17626953125,11566.0458984375,87.74206636493567
4804667010690,32,2004,2016,12,pn,default,122.10369110107422,129.38446044921875,13.154050827026367,1304.744140625,6642.01220703125,118.88038658680881
4804667010690,32,2004,2016,12,pn,calibrated,122.10369110107422,129.38446044921875,13.154050827026367,1304.744140625,6642.01220703125,118.88038658680881
4804667010690,32,2004,2016,12,pn,hg_bayes,122.10369110107422,129.38446044921875,13.154050827026367,1304.744140625,6642.01220703125,118.88038658680881
4804667010690,32,2004,2016,12,pn,hg_organon,122.10369110107422,129.38446044921875,13.154050827026367,1304.744140625,6642.01220703125,118.88038658680881
4804667010690,32,2004,2016,12,pn,hg_conus_sp,122.10369110107422,129.38446044921875,13.154050827026367,1304.744140625,6642.01220703125,118.88038658680881
4804667010690,32,2004,2016,12,pn,hg_conus_clim,122.10369110107422,129.38446044921875,13.154050827026367,1304.744140625,6642.01220703125,118.88038658680881
37259185010690,35,2009,2018,9,pn,default,120.65044403076172,183.3370361328125,10.984380722045898,1111.9727783203125,5616.54541015625,106.35388934482815
37259185010690,35,2009,2018,9,pn,calibrated,120.65044403076172,183.3370361328125,10.984380722045898,1111.9727783203125,5616.54541015625,106.35388934482815
37259185010690,35,2009,2018,9,pn,hg_bayes,120.65044403076172,183.3370361328125,10.984380722045898,1111.9727783203125,5616.54541015625,106.35388934482815
37259185010690,35,2009,2018,9,pn,hg_organon,120.65044403076172,183.3370361328125,10.984380722045898,1111.9727783203125,5616.54541015625,106.35388934482815
37259185010690,35,2009,2018,9,pn,hg_conus_sp,120.65044403076172,183.3370361328125,10.984380722045898,1111.9727783203125,5616.54541015625,106.35388934482815
37259185010690,35,2009,2018,9,pn,hg_conus_clim,120.65044403076172,183.3370361328125,10.984380722045898,1111.9727783203125,5616.54541015625,106.35388934482815
31356589010690,16,2008,2018,10,pn,default,254.32452392578125,194.00550842285156,15.503273963928223,11487.9033203125,67278.3203125,250.09405928234892
31356589010690,16,2008,2018,10,pn,calibrated,253.3020782470703,193.57090759277344,15.489434242248535,11427.2353515625,66911.9609375,250.09405928234892
31356589010690,16,2008,2018,10,pn,hg_bayes,254.32452392578125,194.00550842285156,15.503273963928223,12249.8076171875,72479.59375,250.09405928234892
31356589010690,16,2008,2018,10,pn,hg_organon,254.32452392578125,194.00550842285156,15.503273963928223,12249.8076171875,72479.59375,250.09405928234892
31356589010690,16,2008,2018,10,pn,hg_conus_sp,254.32452392578125,194.00550842285156,15.503273963928223,11685.056640625,68423.296875,250.09405928234892
31356589010690,16,2008,2018,10,pn,hg_conus_clim,254.32452392578125,194.00550842285156,15.503273963928223,11580.263671875,67854.7421875,250.09405928234892
4844772010690,49,2004,2014,10,pn,default,166.24876403808594,159.1443328857422,13.839485168457031,1257.840087890625,7264.83251953125,155.92161473828776
4844772010690,49,2004,2014,10,pn,calibrated,166.24876403808594,159.1443328857422,13.839485168457031,1257.840087890625,7264.83251953125,155.92161473828776
4844772010690,49,2004,2014,10,pn,hg_bayes,166.24876403808594,159.1443328857422,13.839485168457031,1257.840087890625,7264.83251953125,155.92161473828776
4844772010690,49,2004,2014,10,pn,hg_organon,166.24876403808594,159.1443328857422,13.839485168457031,1257.840087890625,7264.83251953125,155.92161473828776
4844772010690,49,2004,2014,10,pn,hg_conus_sp,166.24876403808594,159.1443328857422,13.839485168457031,1257.840087890625,7264.83251953125,155.92161473828776
4844772010690,49,2004,2014,10,pn,hg_conus_clim,166.24876403808594,159.1443328857422,13.839485168457031,1257.840087890625,7264.83251953125,155.92161473828776
12228319010690,8,2007,2017,10,pn,default,95.83048248291016,89.37139129638672,14.021320343017578,2225.887939453125,11271.740234375,99.18253297207254
12228319010690,8,2007,2017,10,pn,calibrated,95.83048248291016,89.37139129638672,14.021320343017578,2225.887939453125,11271.740234375,99.18253297207254
12228319010690,8,2007,2017,10,pn,hg_bayes,95.9013442993164,89.37139129638672,14.026498794555664,2771.564453125,14774.458984375,99.18253297207254
12228319010690,8,2007,2017,10,pn,hg_organon,95.9013442993164,89.37139129638672,14.026498794555664,2771.564453125,14774.458984375,99.18253297207254
12228319010690,8,2007,2017,10,pn,hg_conus_sp,95.8984603881836,89.37139129638672,14.026288986206055,2643.694580078125,14070.078125,99.18253297207254
12228319010690,8,2007,2017,10,pn,hg_conus_clim,95.83048248291016,89.37139129638672,14.021320343017578,2225.887939453125,11271.740234375,99.18253297207254
40392684010690,8,2013,2023,10,pn,default,153.51914978027344,200.18447875976562,11.85775089263916,2014.145263671875,8021.70556640625,
40392684010690,8,2013,2023,10,pn,calibrated,152.82321166992188,198.77159118652344,11.87281608581543,2003.80615234375,7970.55615234375,
40392684010690,8,2013,2023,10,pn,hg_bayes,153.54791259765625,200.18930053710938,11.858717918395996,3011.506591796875,14320.2958984375,
40392684010690,8,2013,2023,10,pn,hg_organon,153.54791259765625,200.18930053710938,11.858717918395996,3011.506591796875,14320.2958984375,
40392684010690,8,2013,2023,10,pn,hg_conus_sp,153.54791259765625,200.18930053710938,11.858717918395996,2588.938232421875,11897.1376953125,
40392684010690,8,2013,2023,10,pn,hg_conus_clim,153.54791259765625,200.18930053710938,11.858717918395996,2507.771484375,11352.2548828125,
5441317010690,30,2005,2016,11,pn,default,101.89554595947266,224.4498748779297,9.123346328735352,2421.953857421875,11908.6650390625,
5441317010690,30,2005,2016,11,pn,calibrated,100.52747344970703,220.83641052246094,9.13573169708252,2382.2353515625,11705.646484375,
5441317010690,30,2005,2016,11,pn,hg_bayes,102.367919921875,224.49285888671875,9.143595695495605,2966.84765625,15196.3671875,
5441317010690,30,2005,2016,11,pn,hg_organon,102.367919921875,224.49285888671875,9.143595695495605,2966.84765625,15196.3671875,
5441317010690,30,2005,2016,11,pn,hg_conus_sp,102.18102264404297,224.44252014160156,9.136268615722656,2662.322509765625,13373.08203125,
5441317010690,30,2005,2016,11,pn,hg_conus_clim,101.89554595947266,224.4498748779297,9.123346328735352,2421.953857421875,11908.6650390625,
31527932010690,49,2008,2018,10,pn,default,78.23583984375,65.48094177246094,14.800683975219727,964.1531372070312,4147.45947265625,
31527932010690,49,2008,2018,10,pn,calibrated,78.11552429199219,65.36949157714844,14.801898956298828,962.8043212890625,4142.7587890625,
31527932010690,49,2008,2018,10,pn,hg_bayes,78.33097839355469,65.4796371459961,14.80982494354248,1214.1748046875,5766.26025390625,
31527932010690,49,2008,2018,10,pn,hg_organon,78.33097839355469,65.4796371459961,14.80982494354248,1214.1748046875,5766.26025390625,
31527932010690,49,2008,2018,10,pn,hg_conus_sp,78.33097839355469,65.4796371459961,14.80982494354248,1111.7689208984375,5095.46923828125,
31527932010690,49,2008,2018,10,pn,hg_conus_clim,78.33097839355469,65.4796371459961,14.80982494354248,1103.749267578125,5056.20556640625,
12440881010690,49,2007,2017,10,pn,default,44.00687789916992,100.76611328125,8.948273658752441,578.2064208984375,2589.539794921875,
12440881010690,49,2007,2017,10,pn,calibrated,43.96402359008789,100.73445892333984,8.945324897766113,577.6195068359375,2587.349365234375,
12440881010690,49,2007,2017,10,pn,hg_bayes,44.237327575683594,100.76509857177734,8.971719741821289,729.226806640625,3589.522216796875,
12440881010690,49,2007,2017,10,pn,hg_organon,44.237327575683594,100.76509857177734,8.971719741821289,729.226806640625,3589.522216796875,
12440881010690,49,2007,2017,10,pn,hg_conus_sp,44.237327575683594,100.76509857177734,8.971719741821289,692.9649047851562,3343.166748046875,
12440881010690,49,2007,2017,10,pn,hg_conus_clim,44.237327575683594,100.76509857177734,8.971719741821289,639.7422485351562,2977.32568359375,
40391952010690,8,2013,2023,10,pn,default,13.524496078491211,41.706634521484375,7.7107086181640625,173.6947784423828,822.2166748046875,27.332003264450044
40391952010690,8,2013,2023,10,pn,calibrated,13.524496078491211,41.706634521484375,7.7107086181640625,173.6947784423828,822.2166748046875,27.332003264450044
40391952010690,8,2013,2023,10,pn,hg_bayes,13.524496078491211,41.706634521484375,7.7107086181640625,224.33851623535156,1078.41455078125,27.332003264450044
40391952010690,8,2013,2023,10,pn,hg_organon,13.524496078491211,41.706634521484375,7.7107086181640625,224.33851623535156,1078.41455078125,27.332003264450044
40391952010690,8,2013,2023,10,pn,hg_conus_sp,13.524496078491211,41.706634521484375,7.7107086181640625,202.29359436035156,971.1690063476562,27.332003264450044
40391952010690,8,2013,2023,10,pn,hg_conus_clim,13.524496078491211,41.706634521484375,7.7107086181640625,173.6947784423828,822.2166748046875,27.332003264450044
35371496010690,16,2009,2019,10,pn,default,104.20245361328125,148.7388458251953,11.333476066589355,2177.851806640625,11048.38671875,78.20458467376729
35371496010690,16,2009,2019,10,pn,calibrated,104.47346496582031,149.53807067871094,11.317835807800293,2178.52197265625,11048.2451171875,78.20458467376729
35371496010690,16,2009,2019,10,pn,hg_bayes,104.33998107910156,148.73867797851562,11.340954780578613,2614.950927734375,13728.1083984375,78.20458467376729
35371496010690,16,2009,2019,10,pn,hg_organon,104.33998107910156,148.73867797851562,11.340954780578613,2614.950927734375,13728.1083984375,78.20458467376729
35371496010690,16,2009,2019,10,pn,hg_conus_sp,104.25167846679688,148.73880004882812,11.336150169372559,2321.8544921875,11864.92578125,78.20458467376729
35371496010690,16,2009,2019,10,pn,hg_conus_clim,104.20255279541016,148.7388458251953,11.333480834960938,2207.547119140625,11202.103515625,78.20458467376729
40388206010690,8,2011,2021,10,pn,default,165.9745635986328,221.6669464111328,11.716733932495117,4925.9716796875,25615.3359375,108.88304728238442
40388206010690,8,2011,2021,10,pn,calibrated,163.46925354003906,218.59170532226562,11.709477424621582,4828.52099609375,25076.591796875,108.88304728238442
40388206010690,8,2011,2021,10,pn,hg_bayes,166.42161560058594,221.65879821777344,11.732717514038086,5674.80517578125,30301.080078125,108.88304728238442
40388206010690,8,2011,2021,10,pn,hg_organon,166.42161560058594,221.65879821777344,11.732717514038086,5674.80517578125,30301.080078125,108.88304728238442
40388206010690,8,2011,2021,10,pn,hg_conus_sp,166.27642822265625,221.66232299804688,11.727502822875977,5421.0849609375,28734.43359375,108.88304728238442
40388206010690,8,2011,2021,10,pn,hg_conus_clim,166.27642822265625,221.66232299804688,11.727502822875977,5323.97998046875,28207.576171875,108.88304728238442
37275015010690,30,2010,2022,12,pn,default,76.46326446533203,121.53327941894531,10.740269660949707,1841.7276611328125,9655.197265625,
37275015010690,30,2010,2022,12,pn,calibrated,75.66608428955078,118.79244232177734,10.806687355041504,1831.7178955078125,9609.513671875,
37275015010690,30,2010,2022,12,pn,hg_bayes,76.584228515625,121.53195190429688,10.748818397521973,2115.26953125,11373.447265625,
37275015010690,30,2010,2022,12,pn,hg_organon,76.584228515625,121.53195190429688,10.748818397521973,2115.26953125,11373.447265625,
37275015010690,30,2010,2022,12,pn,hg_conus_sp,76.55670166015625,121.53223419189453,10.74687671661377,2047.0760498046875,10821.0556640625,
37275015010690,30,2010,2022,12,pn,hg_conus_clim,76.46212768554688,121.5327377319336,10.740214347839355,1886.7000732421875,9952.458984375,
35372877010690,8,2009,2019,10,pn,default,31.59469985961914,29.79045867919922,13.944560050964355,261.873046875,1459.7325439453125,29.452719886181903
35372877010690,8,2009,2019,10,pn,calibrated,31.59469985961914,29.79045867919922,13.944560050964355,261.873046875,1459.7325439453125,29.452719886181903
35372877010690,8,2009,2019,10,pn,hg_bayes,31.59469985961914,29.79045867919922,13.944560050964355,261.873046875,1459.7325439453125,29.452719886181903
35372877010690,8,2009,2019,10,pn,hg_organon,31.59469985961914,29.79045867919922,13.944560050964355,261.873046875,1459.7325439453125,29.452719886181903
35372877010690,8,2009,2019,10,pn,hg_conus_sp,31.59469985961914,29.79045867919922,13.944560050964355,261.873046875,1459.7325439453125,29.452719886181903
35372877010690,8,2009,2019,10,pn,hg_conus_clim,31.59469985961914,29.79045867919922,13.944560050964355,261.873046875,1459.7325439453125,29.452719886181903
40388210010690,8,2011,2021,10,pn,default,62.56467819213867,113.20378875732422,10.066313743591309,1182.0391845703125,5501.998046875,83.11272659793728
40388210010690,8,2011,2021,10,pn,calibrated,62.56467819213867,113.20378875732422,10.066313743591309,1182.0391845703125,5501.998046875,83.11272659793728
40388210010690,8,2011,2021,10,pn,hg_bayes,62.665531158447266,113.20378875732422,10.074423789978027,1454.7261962890625,6964.9921875,83.11272659793728
40388210010690,8,2011,2021,10,pn,hg_organon,62.665531158447266,113.20378875732422,10.074423789978027,1454.7261962890625,6964.9921875,83.11272659793728
40388210010690,8,2011,2021,10,pn,hg_conus_sp,62.665531158447266,113.20378875732422,10.074423789978027,1357.7386474609375,6338.03857421875,83.11272659793728
40388210010690,8,2011,2021,10,pn,hg_conus_clim,62.56467819213867,113.20378875732422,10.066313743591309,1182.0391845703125,5501.998046875,83.11272659793728
40403053010690,35,2011,2022,11,pn,default,60.354713439941406,29.740921020507812,19.289220809936523,740.4532470703125,4481.951171875,50.963502087884
40403053010690,35,2011,2022,11,pn,calibrated,60.354713439941406,29.740921020507812,19.289220809936523,740.4532470703125,4481.951171875,50.963502087884
40403053010690,35,2011,2022,11,pn,hg_bayes,60.354713439941406,29.740921020507812,19.289220809936523,740.4532470703125,4481.951171875,50.963502087884
40403053010690,35,2011,2022,11,pn,hg_organon,60.354713439941406,29.740921020507812,19.289220809936523,740.4532470703125,4481.951171875,50.963502087884
40403053010690,35,2011,2022,11,pn,hg_conus_sp,60.354713439941406,29.740921020507812,19.289220809936523,740.4532470703125,4481.951171875,50.963502087884
40403053010690,35,2011,2022,11,pn,hg_conus_clim,60.354713439941406,29.740921020507812,19.289220809936523,740.4532470703125,4481.951171875,50.963502087884
40395869010690,30,2012,2022,10,pn,default,35.58030700683594,40.6212158203125,12.672568321228027,810.2090454101562,3878.450927734375,26.020710445409836
40395869010690,30,2012,2022,10,pn,calibrated,35.608455657958984,40.67437744140625,12.669293403625488,810.7420654296875,3880.957763671875,26.020710445409836
40395869010690,30,2012,2022,10,pn,hg_bayes,35.7286376953125,40.65163803100586,12.694201469421387,947.3763427734375,4674.640625,26.020710445409836
40395869010690,30,2012,2022,10,pn,hg_organon,35.7286376953125,40.65163803100586,12.694201469421387,947.3763427734375,4674.640625,26.020710445409836
40395869010690,30,2012,2022,10,pn,hg_conus_sp,35.7286376953125,40.65163803100586,12.694201469421387,942.3953857421875,4633.8876953125,26.020710445409836
40395869010690,30,2012,2022,10,pn,hg_conus_clim,35.7286376953125,40.65163803100586,12.694201469421387,942.3953857421875,4633.8876953125,26.020710445409836
5393181010690,16,2005,2015,10,pn,default,167.22044372558594,339.9420166015625,9.496829986572266,5705.46923828125,30120.83203125,118.76941170938657
5393181010690,16,2005,2015,10,pn,calibrated,153.9239959716797,302.7181701660156,9.655402183532715,5305.82470703125,28015.0703125,118.76941170938657
5393181010690,16,2005,2015,10,pn,hg_bayes,167.22044372558594,339.9420166015625,9.496829986572266,6392.96142578125,34283.53125,118.76941170938657
5393181010690,16,2005,2015,10,pn,hg_organon,167.22044372558594,339.9420166015625,9.496829986572266,6392.96142578125,34283.53125,118.76941170938657
5393181010690,16,2005,2015,10,pn,hg_conus_sp,167.22044372558594,339.9420166015625,9.496829986572266,5712.51806640625,30180.47265625,118.76941170938657
5393181010690,16,2005,2015,10,pn,hg_conus_clim,167.22044372558594,339.9420166015625,9.496829986572266,5712.51806640625,30180.47265625,118.76941170938657
37258686010690,35,2011,2017,6,pn,default,94.53451538085938,178.4316864013672,9.855883598327637,2086.6591796875,10700.044921875,74.81918438951683
37258686010690,35,2011,2017,6,pn,calibrated,94.51691436767578,178.4071044921875,9.855644226074219,2086.56640625,10699.9130859375,74.81918438951683
37258686010690,35,2011,2017,6,pn,hg_bayes,94.57162475585938,178.43797302246094,9.857645034790039,2268.59521484375,11876.6650390625,74.81918438951683
37258686010690,35,2011,2017,6,pn,hg_organon,94.57162475585938,178.43797302246094,9.857645034790039,2268.59521484375,11876.6650390625,74.81918438951683
37258686010690,35,2011,2017,6,pn,hg_conus_sp,94.57162475585938,178.43797302246094,9.857645034790039,2211.537353515625,11394.48828125,74.81918438951683
37258686010690,35,2011,2017,6,pn,hg_conus_clim,94.57162475585938,178.43797302246094,9.857645034790039,2210.17333984375,11389.94140625,74.81918438951683
4774842010690,30,2004,2014,10,pn,default,92.22554779052734,94.06401824951172,13.407572746276855,1235.0943603515625,4756.07373046875,145.44517401598836
4774842010690,30,2004,2014,10,pn,calibrated,91.75921630859375,93.08287048339844,13.443930625915527,1225.64794921875,4711.11083984375,145.44517401598836
4774842010690,30,2004,2014,10,pn,hg_bayes,92.96215057373047,94.06268310546875,13.461105346679688,1936.3114013671875,9175.2568359375,145.44517401598836
4774842010690,30,2004,2014,10,pn,hg_organon,92.96215057373047,94.06268310546875,13.461105346679688,1936.3114013671875,9175.2568359375,145.44517401598836
4774842010690,30,2004,2014,10,pn,hg_conus_sp,92.96215057373047,94.06268310546875,13.461105346679688,1727.74267578125,7844.27099609375,145.44517401598836
4774842010690,30,2004,2014,10,pn,hg_conus_clim,92.96215057373047,94.06268310546875,13.461105346679688,1702.6220703125,7641.50244140625,145.44517401598836
12270598010690,16,2007,2017,10,pn,default,184.87245178222656,376.1192321777344,9.493139266967773,5339.42431640625,27550.451171875,244.22460922308372
12270598010690,16,2007,2017,10,pn,calibrated,185.08917236328125,376.9166564941406,9.488641738891602,5341.36962890625,27559.0546875,244.22460922308372
12270598010690,16,2007,2017,10,pn,hg_bayes,185.16856384277344,376.115478515625,9.50078296661377,6132.5986328125,32603.541015625,244.22460922308372
12270598010690,16,2007,2017,10,pn,hg_organon,185.16856384277344,376.115478515625,9.50078296661377,6132.5986328125,32603.541015625,244.22460922308372
12270598010690,16,2007,2017,10,pn,hg_conus_sp,185.15386962890625,376.1154479980469,9.500407218933105,5667.232421875,29571.033203125,244.22460922308372
12270598010690,16,2007,2017,10,pn,hg_conus_clim,185.16395568847656,376.11566162109375,9.500663757324219,5609.51318359375,29266.439453125,244.22460922308372
37264379010690,35,2009,2018,9,pn,default,134.60537719726562,231.67161560058594,10.321226119995117,3590.3076171875,18844.330078125,130.9872651069333
37264379010690,35,2009,2018,9,pn,calibrated,134.3812713623047,230.95867919921875,10.328533172607422,3585.833740234375,18822.841796875,130.9872651069333
37264379010690,35,2009,2018,9,pn,hg_bayes,134.60511779785156,231.67161560058594,10.321216583251953,4136.98486328125,22080.302734375,130.9872651069333
37264379010690,35,2009,2018,9,pn,hg_organon,134.60511779785156,231.67161560058594,10.321216583251953,4136.98486328125,22080.302734375,130.9872651069333
37264379010690,35,2009,2018,9,pn,hg_conus_sp,134.6055145263672,231.67161560058594,10.321229934692383,3745.18359375,19744.369140625,130.9872651069333
37264379010690,35,2009,2018,9,pn,hg_conus_clim,134.60494995117188,231.67161560058594,10.321209907531738,3863.806640625,20527.087890625,130.9872651069333
31291730010690,8,2008,2018,10,pn,default,107.57174682617188,187.94541931152344,10.243999481201172,3215.251953125,15841.8720703125,101.21676533697305
31291730010690,8,2008,2018,10,pn,calibrated,107.57174682617188,187.94541931152344,10.243999481201172,3215.251953125,15841.8720703125,101.21676533697305
31291730010690,8,2008,2018,10,pn,hg_bayes,107.57174682617188,187.94541931152344,10.243999481201172,3561.72412109375,17863.150390625,101.21676533697305
31291730010690,8,2008,2018,10,pn,hg_organon,107.57174682617188,187.94541931152344,10.243999481201172,3561.72412109375,17863.150390625,101.21676533697305
31291730010690,8,2008,2018,10,pn,hg_conus_sp,107.57174682617188,187.94541931152344,10.243999481201172,3472.16748046875,17387.43359375,101.21676533697305
31291730010690,8,2008,2018,10,pn,hg_conus_clim,107.57174682617188,187.94541931152344,10.243999481201172,3215.251953125,15841.8720703125,101.21676533697305
37263460010690,35,2010,2017,7,pn,default,102.52488708496094,153.9535675048828,11.04984188079834,2663.519287109375,13147.5810546875,102.98119030193193
37263460010690,35,2010,2017,7,pn,calibrated,102.65702056884766,154.25323486328125,11.046212196350098,2666.35791015625,13161.3515625,102.98119030193193
37263460010690,35,2010,2017,7,pn,hg_bayes,102.5993423461914,153.968994140625,11.053299903869629,2965.503662109375,15127.0087890625,102.98119030193193
37263460010690,35,2010,2017,7,pn,hg_organon,102.5993423461914,153.968994140625,11.053299903869629,2965.503662109375,15127.0087890625,102.98119030193193
37263460010690,35,2010,2017,7,pn,hg_conus_sp,102.5993423461914,153.968994140625,11.053299903869629,2928.802490234375,14808.4658203125,102.98119030193193
37263460010690,35,2010,2017,7,pn,hg_conus_clim,102.5993423461914,153.968994140625,11.053299903869629,2923.95947265625,14749.701171875,102.98119030193193
31291310010690,8,2008,2018,10,pn,default,45.63436508178711,185.5787811279297,6.714569568634033,311.69744873046875,1598.0509033203125,72.44277387390954
31291310010690,8,2008,2018,10,pn,calibrated,45.63436508178711,185.5787811279297,6.714569568634033,311.69744873046875,1598.0509033203125,72.44277387390954
31291310010690,8,2008,2018,10,pn,hg_bayes,45.63436508178711,185.5787811279297,6.714569568634033,331.4469299316406,1718.6922607421875,72.44277387390954
31291310010690,8,2008,2018,10,pn,hg_organon,45.63436508178711,185.5787811279297,6.714569568634033,331.4469299316406,1718.6922607421875,72.44277387390954
31291310010690,8,2008,2018,10,pn,hg_conus_sp,45.63436508178711,185.5787811279297,6.714569568634033,330.65972900390625,1713.2677001953125,72.44277387390954
31291310010690,8,2008,2018,10,pn,hg_conus_clim,45.63436508178711,185.5787811279297,6.714569568634033,311.69744873046875,1598.0509033203125,72.44277387390954
37262702010690,35,2011,2019,8,pn,default,61.422637939453125,77.49142456054688,12.055181503295898,1092.751220703125,4983.771484375,45.2288461704528
37262702010690,35,2011,2019,8,pn,calibrated,61.336185455322266,77.39704895019531,12.054036140441895,1091.51171875,4978.66796875,45.2288461704528
37262702010690,35,2011,2019,8,pn,hg_bayes,61.511024475097656,77.49137115478516,12.06385326385498,1438.2081298828125,7126.7392578125,45.2288461704528
37262702010690,35,2011,2019,8,pn,hg_organon,61.511024475097656,77.49137115478516,12.06385326385498,1438.2081298828125,7126.7392578125,45.2288461704528
37262702010690,35,2011,2019,8,pn,hg_conus_sp,61.476139068603516,77.49139404296875,12.060431480407715,1285.9234619140625,6074.81005859375,45.2288461704528
37262702010690,35,2011,2019,8,pn,hg_conus_clim,61.476009368896484,77.49139404296875,12.060418128967285,1339.239013671875,6461.88720703125,45.2288461704528
35382081010690,32,2010,2018,8,pn,default,49.684818267822266,41.55649948120117,14.805688858032227,0.0,0.0,
35382081010690,32,2010,2018,8,pn,calibrated,49.684818267822266,41.55649948120117,14.805688858032227,0.0,0.0,
35382081010690,32,2010,2018,8,pn,hg_bayes,49.684818267822266,41.55649948120117,14.805688858032227,0.0,0.0,
35382081010690,32,2010,2018,8,pn,hg_organon,49.684818267822266,41.55649948120117,14.805688858032227,0.0,0.0,
35382081010690,32,2010,2018,8,pn,hg_conus_sp,49.684818267822266,41.55649948120117,14.805688858032227,0.0,0.0,
35382081010690,32,2010,2018,8,pn,hg_conus_clim,49.684818267822266,41.55649948120117,14.805688858032227,0.0,0.0,
3647196010690,8,2002,2012,10,pn,default,224.24594116210938,404.1856994628906,10.085746765136719,6356.953125,31990.654296875,235.22577489359702
3647196010690,8,2002,2012,10,pn,calibrated,222.142578125,401.2838134765625,10.074566841125488,6285.1708984375,31606.638671875,235.22577489359702
3647196010690,8,2002,2012,10,pn,hg_bayes,224.24594116210938,404.1856994628906,10.085746765136719,7056.1357421875,36342.97265625,235.22577489359702
3647196010690,8,2002,2012,10,pn,hg_organon,224.24594116210938,404.1856994628906,10.085746765136719,7056.1357421875,36342.97265625,235.22577489359702
3647196010690,8,2002,2012,10,pn,hg_conus_sp,224.24594116210938,404.1856994628906,10.085746765136719,6803.56298828125,34941.43359375,235.22577489359702
3647196010690,8,2002,2012,10,pn,hg_conus_clim,224.24594116210938,404.1856994628906,10.085746765136719,6530.14794921875,33018.71875,235.22577489359702
37261113010690,35,2010,2017,7,pn,default,50.50555419921875,119.05372619628906,8.819302558898926,322.7437744140625,1599.7362060546875,92.14254049880019
37261113010690,35,2010,2017,7,pn,calibrated,50.50555419921875,119.05372619628906,8.819302558898926,322.7437744140625,1599.7362060546875,92.14254049880019
37261113010690,35,2010,2017,7,pn,hg_bayes,50.50555419921875,119.05372619628906,8.819302558898926,322.7437744140625,1599.7362060546875,92.14254049880019
37261113010690,35,2010,2017,7,pn,hg_organon,50.50555419921875,119.05372619628906,8.819302558898926,322.7437744140625,1599.7362060546875,92.14254049880019
37261113010690,35,2010,2017,7,pn,hg_conus_sp,50.50555419921875,119.05372619628906,8.819302558898926,322.7437744140625,1599.7362060546875,92.14254049880019
37261113010690,35,2010,2017,7,pn,hg_conus_clim,50.50555419921875,119.05372619628906,8.819302558898926,322.7437744140625,1599.7362060546875,92.14254049880019
37259471010690,35,2011,2016,5,pn,default,22.657609939575195,23.737812042236328,13.22887897491455,551.6311645507812,2648.806640625,39.21179187333927
37259471010690,35,2011,2016,5,pn,calibrated,22.657886505126953,23.740833282470703,13.228116035461426,551.7269287109375,2649.337890625,39.21179187333927
37259471010690,35,2011,2016,5,pn,hg_bayes,22.710569381713867,23.73779296875,13.24433422088623,587.3408203125,2818.87841796875,39.21179187333927
37259471010690,35,2011,2016,5,pn,hg_organon,22.710569381713867,23.73779296875,13.24433422088623,587.3408203125,2818.87841796875,39.21179187333927
37259471010690,35,2011,2016,5,pn,hg_conus_sp,22.710569381713867,23.73779296875,13.24433422088623,586.6386108398438,2815.182373046875,39.21179187333927
37259471010690,35,2011,2016,5,pn,hg_conus_clim,22.710569381713867,23.73779296875,13.24433422088623,586.584716796875,2815.047607421875,39.21179187333927
31355289010690,16,2008,2018,10,pn,default,74.50501251220703,59.521942138671875,15.149226188659668,2269.36962890625,12254.650390625,104.31484671335102
31355289010690,16,2008,2018,10,pn,calibrated,74.45228576660156,59.35248565673828,15.165470123291016,2269.6337890625,12259.140625,104.31484671335102
31355289010690,16,2008,2018,10,pn,hg_bayes,74.73583221435547,59.52186584472656,15.172686576843262,2577.77587890625,14294.7724609375,104.31484671335102
31355289010690,16,2008,2018,10,pn,hg_organon,74.73583221435547,59.52186584472656,15.172686576843262,2577.77587890625,14294.7724609375,104.31484671335102
31355289010690,16,2008,2018,10,pn,hg_conus_sp,74.50491333007812,59.521942138671875,15.149216651916504,2395.310302734375,13109.3994140625,104.31484671335102
31355289010690,16,2008,2018,10,pn,hg_conus_clim,74.50508880615234,59.521942138671875,15.149235725402832,2374.306396484375,12993.1572265625,104.31484671335102
37262756010690,35,2008,2018,10,pn,default,36.33934020996094,35.57176971435547,13.685859680175781,910.19482421875,4879.630859375,44.10465815456081
37262756010690,35,2008,2018,10,pn,calibrated,36.3526496887207,35.581138610839844,13.686563491821289,910.6699829101562,4882.2041015625,44.10465815456081
37262756010690,35,2008,2018,10,pn,hg_bayes,36.483970642089844,35.583919525146484,13.710724830627441,976.2974853515625,5291.6298828125,44.10465815456081
37262756010690,35,2008,2018,10,pn,hg_organon,36.483970642089844,35.583919525146484,13.710724830627441,976.2974853515625,5291.6298828125,44.10465815456081
37262756010690,35,2008,2018,10,pn,hg_conus_sp,36.43538284301758,35.580101013183594,13.702327728271484,959.7133178710938,5172.203125,44.10465815456081
37262756010690,35,2008,2018,10,pn,hg_conus_clim,36.43925476074219,35.580440521240234,13.702991485595703,959.7927856445312,5172.3525390625,44.10465815456081
35371908010690,16,2009,2019,10,pn,default,51.75850296020508,29.79045867919922,17.847959518432617,2029.8919677734375,12118.4912109375,36.8166383830948
35371908010690,16,2009,2019,10,pn,calibrated,51.496551513671875,29.660274505615234,17.84176254272461,2019.9884033203125,12056.5400390625,36.8166383830948
35371908010690,16,2009,2019,10,pn,hg_bayes,51.73837661743164,29.79045867919922,17.844486236572266,2332.853759765625,14326.88671875,36.8166383830948
35371908010690,16,2009,2019,10,pn,hg_organon,51.73837661743164,29.79045867919922,17.844486236572266,2332.853759765625,14326.88671875,36.8166383830948
35371908010690,16,2009,2019,10,pn,hg_conus_sp,51.75870132446289,29.79045867919922,17.847993850708008,2139.363037109375,12835.78515625,36.8166383830948
35371908010690,16,2009,2019,10,pn,hg_conus_clim,51.75870895385742,29.79045867919922,17.84799575805664,2069.09912109375,12398.7001953125,36.8166383830948
2359141010690,49,2001,2011,10,pn,default,78.41081237792969,41.70474624633789,18.566560745239258,217.72801208496094,1126.079345703125,66.48139710810023
2359141010690,49,2001,2011,10,pn,calibrated,78.41081237792969,41.70474624633789,18.566560745239258,217.72801208496094,1126.079345703125,66.48139710810023
2359141010690,49,2001,2011,10,pn,hg_bayes,78.41081237792969,41.70474624633789,18.566560745239258,217.72801208496094,1126.079345703125,66.48139710810023
2359141010690,49,2001,2011,10,pn,hg_organon,78.41081237792969,41.70474624633789,18.566560745239258,217.72801208496094,1126.079345703125,66.48139710810023
2359141010690,49,2001,2011,10,pn,hg_conus_sp,78.41081237792969,41.70474624633789,18.566560745239258,217.72801208496094,1126.079345703125,66.48139710810023
2359141010690,49,2001,2011,10,pn,hg_conus_clim,78.41081237792969,41.70474624633789,18.566560745239258,217.72801208496094,1126.079345703125,66.48139710810023
4695499010690,8,2004,2014,10,pn,default,80.94865417480469,65.45429992675781,15.058161735534668,917.7061767578125,5127.3076171875,66.38124847285889
4695499010690,8,2004,2014,10,pn,calibrated,80.94865417480469,65.45429992675781,15.058161735534668,917.7061767578125,5127.3076171875,66.38124847285889
4695499010690,8,2004,2014,10,pn,hg_bayes,80.94865417480469,65.45429992675781,15.058161735534668,917.7061767578125,5127.3076171875,66.38124847285889
4695499010690,8,2004,2014,10,pn,hg_organon,80.94865417480469,65.45429992675781,15.058161735534668,917.7061767578125,5127.3076171875,66.38124847285889
4695499010690,8,2004,2014,10,pn,hg_conus_sp,80.94865417480469,65.45429992675781,15.058161735534668,917.7061767578125,5127.3076171875,66.38124847285889
4695499010690,8,2004,2014,10,pn,hg_conus_clim,80.94865417480469,65.45429992675781,15.058161735534668,917.7061767578125,5127.3076171875,66.38124847285889
2398415010690,49,2003,2013,10,pn,default,18.750816345214844,29.75272560119629,10.749371528625488,58.59187316894531,339.6112365722656,23.205538390370236
2398415010690,49,2003,2013,10,pn,calibrated,18.750816345214844,29.75272560119629,10.749371528625488,58.59187316894531,339.6112365722656,23.205538390370236
2398415010690,49,2003,2013,10,pn,hg_bayes,18.750816345214844,29.75272560119629,10.749371528625488,58.59187316894531,339.6112365722656,23.205538390370236
2398415010690,49,2003,2013,10,pn,hg_organon,18.750816345214844,29.75272560119629,10.749371528625488,58.59187316894531,339.6112365722656,23.205538390370236
2398415010690,49,2003,2013,10,pn,hg_conus_sp,18.750816345214844,29.75272560119629,10.749371528625488,58.59187316894531,339.6112365722656,23.205538390370236
2398415010690,49,2003,2013,10,pn,hg_conus_clim,18.750816345214844,29.75272560119629,10.749371528625488,58.59187316894531,339.6112365722656,23.205538390370236
31528337010690,49,2008,2018,10,pn,default,30.095979690551758,61.955291748046875,9.4373779296875,802.1122436523438,3980.878662109375,43.78405081607764
31528337010690,49,2008,2018,10,pn,calibrated,29.51601219177246,60.074562072753906,9.491171836853027,784.8478393554688,3888.369140625,43.78405081607764
31528337010690,49,2008,2018,10,pn,hg_bayes,30.247116088867188,61.98973083496094,9.458414077758789,957.1489868164062,4825.9140625,43.78405081607764
31528337010690,49,2008,2018,10,pn,hg_organon,30.247116088867188,61.98973083496094,9.458414077758789,957.1489868164062,4825.9140625,43.78405081607764
31528337010690,49,2008,2018,10,pn,hg_conus_sp,30.247116088867188,61.98973083496094,9.458414077758789,870.3466186523438,4336.89111328125,43.78405081607764
31528337010690,49,2008,2018,10,pn,hg_conus_clim,30.247116088867188,61.98973083496094,9.458414077758789,870.3466186523438,4336.89111328125,43.78405081607764
12215717010690,8,2007,2017,10,pn,default,46.363983154296875,89.37139129638672,9.752756118774414,1163.5408935546875,6196.416015625,
12215717010690,8,2007,2017,10,pn,calibrated,44.648414611816406,85.79130554199219,9.768271446228027,1121.825927734375,5972.91455078125,
12215717010690,8,2007,2017,10,pn,hg_bayes,46.440364837646484,89.37139129638672,9.760786056518555,1325.537109375,7158.40966796875,
12215717010690,8,2007,2017,10,pn,hg_organon,46.440364837646484,89.37139129638672,9.760786056518555,1325.537109375,7158.40966796875,
12215717010690,8,2007,2017,10,pn,hg_conus_sp,46.429256439208984,89.37139129638672,9.759618759155273,1265.1876220703125,6820.5263671875,
12215717010690,8,2007,2017,10,pn,hg_conus_clim,46.363983154296875,89.37139129638672,9.752756118774414,1287.3052978515625,6989.94482421875,
40407570010690,56,2013,2023,10,pn,default,73.9847183227539,112.43635559082031,10.983835220336914,2469.25927734375,13199.7294921875,78.36655409939996
40407570010690,56,2013,2023,10,pn,calibrated,71.97376251220703,109.27818298339844,10.988961219787598,2391.892333984375,12771.0908203125,78.36655409939996
40407570010690,56,2013,2023,10,pn,hg_bayes,74.07916259765625,112.45940399169922,10.989714622497559,2813.871337890625,15461.8701171875,78.36655409939996
40407570010690,56,2013,2023,10,pn,hg_organon,74.07916259765625,112.45940399169922,10.989714622497559,2813.871337890625,15461.8701171875,78.36655409939996
40407570010690,56,2013,2023,10,pn,hg_conus_sp,73.9948501586914,112.43634796142578,10.98458480834961,2615.98779296875,14133.037109375,78.36655409939996
40407570010690,56,2013,2023,10,pn,hg_conus_clim,73.9948501586914,112.43634796142578,10.98458480834961,2621.70166015625,14232.5654296875,78.36655409939996
37258697010690,35,2008,2018,10,pn,default,17.4432373046875,29.772382736206055,10.364375114440918,141.31402587890625,762.5166015625,15.84941085181337
37258697010690,35,2008,2018,10,pn,calibrated,17.4432373046875,29.772382736206055,10.364375114440918,141.31402587890625,762.5166015625,15.84941085181337
37258697010690,35,2008,2018,10,pn,hg_bayes,17.4432373046875,29.772382736206055,10.364375114440918,141.31402587890625,762.5166015625,15.84941085181337
37258697010690,35,2008,2018,10,pn,hg_organon,17.4432373046875,29.772382736206055,10.364375114440918,141.31402587890625,762.5166015625,15.84941085181337
37258697010690,35,2008,2018,10,pn,hg_conus_sp,17.4432373046875,29.772382736206055,10.364375114440918,141.31402587890625,762.5166015625,15.84941085181337
37258697010690,35,2008,2018,10,pn,hg_conus_clim,17.4432373046875,29.772382736206055,10.364375114440918,141.31402587890625,762.5166015625,15.84941085181337
2381174010690,49,2002,2012,10,pn,default,85.62266540527344,106.32421112060547,12.151073455810547,842.0806274414062,4422.97509765625,62.782205601070665
2381174010690,49,2002,2012,10,pn,calibrated,85.62266540527344,106.32421112060547,12.151073455810547,842.0806274414062,4422.97509765625,62.782205601070665
2381174010690,49,2002,2012,10,pn,hg_bayes,85.62266540527344,106.32421112060547,12.151073455810547,842.0806274414062,4422.97509765625,62.782205601070665
2381174010690,49,2002,2012,10,pn,hg_organon,85.62266540527344,106.32421112060547,12.151073455810547,842.0806274414062,4422.97509765625,62.782205601070665
2381174010690,49,2002,2012,10,pn,hg_conus_sp,85.62266540527344,106.32421112060547,12.151073455810547,842.0806274414062,4422.97509765625,62.782205601070665
2381174010690,49,2002,2012,10,pn,hg_conus_clim,85.62266540527344,106.32421112060547,12.151073455810547,842.0806274414062,4422.97509765625,62.782205601070665
37274710010690,30,2010,2020,10,pn,default,62.27137756347656,106.94913482666016,10.332178115844727,2012.7042236328125,10873.8671875,64.27838837847708
37274710010690,30,2010,2020,10,pn,calibrated,60.3577995300293,103.05890655517578,10.362396240234375,1952.242919921875,10557.103515625,64.27838837847708
37274710010690,30,2010,2020,10,pn,hg_bayes,62.478797912597656,106.97480773925781,10.34813117980957,2317.7119140625,12868.076171875,64.27838837847708
37274710010690,30,2010,2020,10,pn,hg_organon,62.478797912597656,106.97480773925781,10.34813117980957,2317.7119140625,12868.076171875,64.27838837847708
37274710010690,30,2010,2020,10,pn,hg_conus_sp,62.29570388793945,106.9491195678711,10.334196090698242,2103.126953125,11451.7998046875,64.27838837847708
37274710010690,30,2010,2020,10,pn,hg_conus_clim,62.33908462524414,106.94910430908203,10.337796211242676,2140.662353515625,11660.330078125,64.27838837847708
37260259010690,35,2009,2018,9,pn,default,198.3071746826172,206.7965087890625,13.25970458984375,2968.168701171875,13164.0751953125,
37260259010690,35,2009,2018,9,pn,calibrated,197.97653198242188,206.55728149414062,13.256314277648926,2964.05859375,13147.7822265625,
37260259010690,35,2009,2018,9,pn,hg_bayes,198.63645935058594,206.79428100585938,13.270777702331543,3948.177734375,19970.259765625,
37260259010690,35,2009,2018,9,pn,hg_organon,198.63645935058594,206.79428100585938,13.270777702331543,3948.177734375,19970.259765625,
37260259010690,35,2009,2018,9,pn,hg_conus_sp,198.63645935058594,206.79428100585938,13.270777702331543,3617.353759765625,17761.123046875,
37260259010690,35,2009,2018,9,pn,hg_conus_clim,198.63645935058594,206.79428100585938,13.270777702331543,3578.610107421875,17516.87890625,
4736252010690,16,2004,2014,10,pn,default,21.330774307250977,35.624420166015625,10.477693557739258,329.1241149902344,1451.4771728515625,49.90910159634183
4736252010690,16,2004,2014,10,pn,calibrated,21.311229705810547,35.624351501464844,10.472902297973633,329.1395568847656,1452.185546875,49.90910159634183
4736252010690,16,2004,2014,10,pn,hg_bayes,21.633378982543945,35.624332427978516,10.551765441894531,443.9565124511719,2135.1943359375,49.90910159634183
4736252010690,16,2004,2014,10,pn,hg_organon,21.633378982543945,35.624332427978516,10.551765441894531,443.9565124511719,2135.1943359375,49.90910159634183
4736252010690,16,2004,2014,10,pn,hg_conus_sp,21.633480072021484,35.624332427978516,10.551789283752441,407.6136474609375,1886.4881591796875,49.90910159634183
4736252010690,16,2004,2014,10,pn,hg_conus_clim,21.633525848388672,35.624332427978516,10.551801681518555,403.24188232421875,1860.94287109375,49.90910159634183
35377515010690,30,2009,2019,10,pn,default,82.60723876953125,90.8894271850586,12.908884048461914,2110.462646484375,10983.578125,101.47371371692083
35377515010690,30,2009,2019,10,pn,calibrated,82.71136474609375,91.07902526855469,12.90356731414795,2112.867919921875,10995.5302734375,101.47371371692083
35377515010690,30,2009,2019,10,pn,hg_bayes,82.89392852783203,90.9284896850586,12.928485870361328,2397.8671875,12797.947265625,101.47371371692083
35377515010690,30,2009,2019,10,pn,hg_organon,82.89392852783203,90.9284896850586,12.928485870361328,2397.8671875,12797.947265625,101.47371371692083
35377515010690,30,2009,2019,10,pn,hg_conus_sp,82.89392852783203,90.9284896850586,12.928485870361328,2352.985107421875,12563.359375,101.47371371692083
35377515010690,30,2009,2019,10,pn,hg_conus_clim,82.89392852783203,90.9284896850586,12.928485870361328,2338.3935546875,12489.1611328125,101.47371371692083
35381793010690,32,2012,2018,6,pn,default,102.12059020996094,197.2906036376953,9.741811752319336,638.4600219726562,3244.448486328125,92.07242185570628
35381793010690,32,2012,2018,6,pn,calibrated,102.12059020996094,197.2906036376953,9.741811752319336,638.4600219726562,3244.448486328125,92.07242185570628
35381793010690,32,2012,2018,6,pn,hg_bayes,102.12059020996094,197.2906036376953,9.741811752319336,638.4600219726562,3244.448486328125,92.07242185570628
35381793010690,32,2012,2018,6,pn,hg_organon,102.12059020996094,197.2906036376953,9.741811752319336,638.4600219726562,3244.448486328125,92.07242185570628
35381793010690,32,2012,2018,6,pn,hg_conus_sp,102.12059020996094,197.2906036376953,9.741811752319336,638.4600219726562,3244.448486328125,92.07242185570628
35381793010690,32,2012,2018,6,pn,hg_conus_clim,102.12059020996094,197.2906036376953,9.741811752319336,638.4600219726562,3244.448486328125,92.07242185570628
40400702010690,32,2012,2023,11,pn,default,20.060863494873047,41.66493606567383,9.395626068115234,182.83021545410156,941.92529296875,16.851507717027324
40400702010690,32,2012,2023,11,pn,calibrated,20.060863494873047,41.66493606567383,9.395626068115234,182.83021545410156,941.92529296875,16.851507717027324
40400702010690,32,2012,2023,11,pn,hg_bayes,20.060863494873047,41.66493606567383,9.395626068115234,182.83021545410156,941.92529296875,16.851507717027324
40400702010690,32,2012,2023,11,pn,hg_organon,20.060863494873047,41.66493606567383,9.395626068115234,182.83021545410156,941.92529296875,16.851507717027324
40400702010690,32,2012,2023,11,pn,hg_conus_sp,20.060863494873047,41.66493606567383,9.395626068115234,182.83021545410156,941.92529296875,16.851507717027324
40400702010690,32,2012,2023,11,pn,hg_conus_clim,20.060863494873047,41.66493606567383,9.395626068115234,182.83021545410156,941.92529296875,16.851507717027324
11856472010690,30,2006,2017,11,pn,default,132.70794677734375,101.1863021850586,15.506858825683594,5339.31494140625,31023.998046875,76.15443610771055
11856472010690,30,2006,2017,11,pn,calibrated,131.408447265625,99.5038833618164,15.560652732849121,5288.17333984375,30728.962890625,76.15443610771055
11856472010690,30,2006,2017,11,pn,hg_bayes,132.78831481933594,101.1863021850586,15.51155948638916,5858.94873046875,34681.734375,76.15443610771055
11856472010690,30,2006,2017,11,pn,hg_organon,132.78831481933594,101.1863021850586,15.51155948638916,5858.94873046875,34681.734375,76.15443610771055
11856472010690,30,2006,2017,11,pn,hg_conus_sp,132.70794677734375,101.1863021850586,15.506858825683594,5640.92626953125,33010.96484375,76.15443610771055
11856472010690,30,2006,2017,11,pn,hg_conus_clim,132.70794677734375,101.1863021850586,15.506858825683594,5402.92041015625,31439.560546875,76.15443610771055
11857589010690,30,2006,2016,10,pn,default,152.61842346191406,422.8385314941406,8.134906768798828,5316.2080078125,27677.42578125,164.94112118388094
11857589010690,30,2006,2016,10,pn,calibrated,139.76759338378906,380.4976806640625,8.206603050231934,4914.53955078125,25549.44140625,164.94112118388094
11857589010690,30,2006,2016,10,pn,hg_bayes,152.61842346191406,422.8385314941406,8.134906768798828,5997.703125,31691.76953125,164.94112118388094
11857589010690,30,2006,2016,10,pn,hg_organon,152.61842346191406,422.8385314941406,8.134906768798828,5997.703125,31691.76953125,164.94112118388094
11857589010690,30,2006,2016,10,pn,hg_conus_sp,152.61842346191406,422.8385314941406,8.134906768798828,5316.2080078125,27677.42578125,164.94112118388094
11857589010690,30,2006,2016,10,pn,hg_conus_clim,152.61842346191406,422.8385314941406,8.134906768798828,5316.2080078125,27677.42578125,164.94112118388094
2379341010690,49,2002,2012,10,pn,default,203.5531463623047,195.38369750976562,13.820731163024902,2387.345703125,12576.96875,193.48257297055787
2379341010690,49,2002,2012,10,pn,calibrated,203.5531463623047,195.38369750976562,13.820731163024902,2387.345703125,12576.96875,193.48257297055787
2379341010690,49,2002,2012,10,pn,hg_bayes,203.5531463623047,195.38369750976562,13.820731163024902,2387.345703125,12576.96875,193.48257297055787
2379341010690,49,2002,2012,10,pn,hg_organon,203.5531463623047,195.38369750976562,13.820731163024902,2387.345703125,12576.96875,193.48257297055787
2379341010690,49,2002,2012,10,pn,hg_conus_sp,203.5531463623047,195.38369750976562,13.820731163024902,2387.345703125,12576.96875,193.48257297055787
2379341010690,49,2002,2012,10,pn,hg_conus_clim,203.5531463623047,195.38369750976562,13.820731163024902,2387.345703125,12576.96875,193.48257297055787
4696911010690,8,2004,2014,10,pn,default,168.42532348632812,250.3981475830078,11.10515022277832,4973.9091796875,25679.921875,75.83441059459602
4696911010690,8,2004,2014,10,pn,calibrated,161.15411376953125,235.53236389160156,11.200349807739258,4773.61572265625,24664.53125,75.83441059459602
4696911010690,8,2004,2014,10,pn,hg_bayes,168.44810485839844,250.4022216796875,11.105810165405273,6182.05419921875,32651.76171875,75.83441059459602
4696911010690,8,2004,2014,10,pn,hg_organon,168.44810485839844,250.4022216796875,11.105810165405273,6182.05419921875,32651.76171875,75.83441059459602
4696911010690,8,2004,2014,10,pn,hg_conus_sp,168.42532348632812,250.3981475830078,11.10515022277832,5039.150390625,26013.57421875,75.83441059459602
4696911010690,8,2004,2014,10,pn,hg_conus_clim,168.42532348632812,250.3981475830078,11.10515022277832,4992.9755859375,25775.25,75.83441059459602
37273610010690,8,2010,2021,11,pn,default,9.264287948608398,23.808536529541016,8.446483612060547,128.3175811767578,653.8419189453125,64.81644812215134
37273610010690,8,2010,2021,11,pn,calibrated,9.264287948608398,23.808536529541016,8.446483612060547,128.3175811767578,653.8419189453125,64.81644812215134
37273610010690,8,2010,2021,11,pn,hg_bayes,9.264287948608398,23.808536529541016,8.446483612060547,128.3175811767578,653.8419189453125,64.81644812215134
37273610010690,8,2010,2021,11,pn,hg_organon,9.264287948608398,23.808536529541016,8.446483612060547,128.3175811767578,653.8419189453125,64.81644812215134
37273610010690,8,2010,2021,11,pn,hg_conus_sp,9.264287948608398,23.808536529541016,8.446483612060547,128.3175811767578,653.8419189453125,64.81644812215134
37273610010690,8,2010,2021,11,pn,hg_conus_clim,9.264287948608398,23.808536529541016,8.446483612060547,128.3175811767578,653.8419189453125,64.81644812215134
