CN,SPCD,SW,DBH,HT,TPA,FVS_BdFt,FIA_VOLBFNET,FVS_MCuFt,FIA_VOLCFNET,BF_ratio,CF_ratio,BF_per_CF_FVS,BF_per_CF_FIA
1167709554290487,12,True,10.3,43.0,6.018,42.000001987851554,39.588132,10.200000989868935,9.223887,1.0609240665321504,1.1058245823988233,4.117646854109887,4.2919142439624425
71878708010538,97,True,11.9,58.0,6.018,83.00000308319832,84.390445,18.5000000304263,19.739466,0.983523704409881,0.9372087385963885,4.486486645767088,4.275214182592376
1837995066290487,97,True,10.7,60.0,6.018,61.999999553747614,62.403057,15.100000545644967,16.417266,0.993541062479481,0.9197634091842677,4.105960086976898,3.8010626738946662
201975222010661,241,True,11.6,45.0,6.018,52.00000077079958,39.247207,13.000000192699895,11.565175,1.3249350653359762,1.1240642871984121,4.0,3.3935679313110265
245482952010661,241,True,11.4,50.0,6.018,52.00000077079958,39.253935,13.700000310348253,12.705958,1.3247079756666327,1.0782343456784802,3.7956204082361618,3.0894116760027064
233189247020004,241,True,11.1,55.0,6.018,30.999999776873807,38.333966,13.999999817442205,13.786978,0.8086822995792767,1.015450943451292,2.214285727222066,2.7804473177515767
75247808010538,97,True,12.1,68.0,6.018,98.99999707907527,96.867102,21.79999967950965,23.481547,1.0220187766025588,0.9283885631346883,4.541284336445554,4.125243622151471
300769052489998,97,True,10.2,52.0,6.018,47.00000137932557,48.440995,12.200001507116022,11.140131,0.9702526007016488,1.0951398603046967,3.852458653542902,4.348332618350717
233159329020004,129,True,10.3,60.0,6.018,52.00000077079958,46.586998,13.500000638952285,13.857354,1.116191276604678,0.974212006054856,3.8518517266407497,3.3618970836712405
1735129596290487,241,True,10.6,37.0,6.018,26.00000038539979,25.096269,9.100000261666173,8.079306,1.0360105872868908,1.1263343982349687,2.8571428173386995,3.1062406845340425
233195541020004,97,True,10.3,52.0,6.018,47.00000137932557,49.674904,12.40000117851199,13.280383,0.9461518311001783,0.9337081000233194,3.790322331643972,3.740472243910435
201992125010661,129,True,12.1,68.0,6.018,98.99999707907527,81.507599,20.899999890465324,20.835683,1.214610641138813,1.003086862593625,4.736841990331278,3.9119235496143805
169613670020004,97,True,11.7,59.0,6.018,78.0000036917243,80.892001,18.100000687634363,19.370511,0.9642486615175252,0.934410077650216,4.309392305438568,4.176038567077554
1167688468290487,97,True,11.2,64.0,6.018,78.0000036917243,73.75447,17.600000241381974,19.059667,1.0575630696244487,0.9234159359332968,4.431818330793367,3.8696620460367956
70259131010538,97,True,12.2,62.0,6.018,94.00000275865114,93.474099,20.599999115608902,22.177561,1.0056261976769751,0.9288667548072082,4.563107125933129,4.214805180786111
1203370753290487,129,True,12.0,76.0,6.018,104.00000154159916,84.822392,22.40000122922249,23.56216,1.2260913549997408,0.9506769001323516,4.642856956897097,3.5999412617518938
75309495010538,94,True,10.1,56.0,6.018,47.00000137932557,43.938855,12.399999910749523,12.386093,1.0696683238406093,1.0011227842992558,3.7903227191623934,3.5474346107364116
1536421940290487,12,True,11.3,55.0,6.018,61.999999553747614,65.973807,14.699999935090561,15.451151,0.9397668919386086,0.9513854298032918,4.21768706309628,4.269831224871209
1837996949290487,97,True,10.0,50.0,6.018,42.000001987851554,43.43255,11.300000450309229,12.037175,0.9670167187478413,0.938758508562784,3.716814187091666,3.6082012598470987
245497868010661,97,True,12.2,63.0,6.018,94.00000275865114,94.31599,20.899999890465324,22.505422,0.9966496959704408,0.9286650963694582,4.497607811066754,4.190811885242588
300802687489998,129,True,13.2,51.0,6.018,94.00000275865114,88.817323,20.000000101420998,18.557316,1.0583521275309224,1.0777420668711466,4.700000114098621,4.7861082389285174
1536417345290487,241,True,14.2,57.0,6.018,104.00000154159916,78.592886,23.90000003245472,21.065357,1.3232750040709687,1.1345642056982335,4.351464493739481,3.730906910336245
72015415010538,97,True,13.3,46.0,6.018,94.00000275865114,98.936301,19.29999998377264,19.874143,0.9501062987856311,0.9711110553935653,4.870466468273883,4.978141749307127
245441845010661,95,True,14.7,60.0,6.018,161.00000170387275,145.594356,30.900001208938292,27.485143,1.1058121078805607,1.1242437854130245,5.210355838345439,5.297202055670585
75909928010538,97,True,13.0,74.0,6.018,130.0000044625239,122.181897,27.200000949300538,28.887023,1.063987445394827,0.9415993108497382,4.779411761964181,4.22964654405544
1735130913290487,129,True,13.3,76.0,6.018,140.00000324547193,114.58842,27.700001395552924,28.423654,1.2217639727074685,0.9745404794032788,5.054151487080723,4.031445781038568
639415398126144,71,True,13.7,55.0,6.018,125.0,83.711397,23.600001793123234,17.449188,1.493225587908896,1.3524985685937496,5.296609767056185,4.797437966740917
1167697008290487,129,True,13.7,60.0,6.018,130.0000044625239,108.518602,24.50000158216756,23.584313,1.1979513379883375,1.038826171539004,5.306122288463238,4.601304350056751
224390477010661,241,True,13.7,44.0,6.018,83.00000308319832,61.342105,17.899999748475928,14.680996,1.3530674091343675,1.219263308053209,4.636871745781184,4.178334017664741
233168311020004,129,True,13.1,83.0,6.018,145.99999845840085,115.516194,28.80000085599322,30.217136,1.263892043209118,0.9531016061877347,5.069444240242742,3.822870373949404
14089751020004,129,True,15.3,64.0,6.018,172.0000115214253,146.632992,32.299998908710066,28.80888,1.1729966713181799,1.1211820420894554,5.325077935994714,5.089853961695145
513425772126144,71,True,14.2,75.0,6.018,177.00000584184946,110.371384,33.6000031115962,27.966561,1.6036766001036051,1.2014349247873632,5.267856828881135,3.9465483081741803
233191552020004,94,True,13.0,77.0,6.018,130.0000044625239,117.632143,27.400000620696506,26.899364,1.105140152573127,1.0186114668248851,4.744525602832606,4.373045511410605
70258233010538,97,True,15.3,70.0,6.018,192.0000090873214,180.248481,36.40000104666469,38.928876,1.0651962669650537,0.9350385828418136,5.274725372704741,4.630199983169305
1735143916290487,97,True,13.8,74.0,6.018,145.99999845840085,142.905133,30.699999002017385,33.20761,1.021656783024028,0.9244868571395949,4.755700430114241,4.303385067458935
639423268126144,97,True,13.0,75.0,6.018,130.0000044625239,122.055576,27.500001724156956,29.756949,1.0650886155543102,0.9241539421315322,4.727272593162326,4.101750350817216
70136567010538,97,True,14.3,52.0,6.018,125.0,129.489064,24.900000924959496,25.815029,0.9653324855294343,0.9645544432647934,5.0200801348043855,5.016034031958671
201973768010661,241,True,13.2,46.0,6.018,72.99999922920043,56.543452,17.200000898590037,14.561681,1.291042492934468,1.1811823716362169,4.244185779966126,3.883030537477095
366774474489998,129,True,13.2,61.0,6.018,109.00000600412305,97.623264,23.000000243410394,21.024167,1.116537201666634,1.09397914520991,4.73913064567693,4.643383207524941
201982262010661,129,True,15.3,74.0,6.018,197.99999415815054,160.318629,36.10000027180828,35.714265,1.2350404653108065,1.0108005938749762,5.484764339815684,4.488924215576045
75944274010538,95,True,16.1,60.0,6.018,203.00000876277417,182.98721,37.30000083570902,32.734824,1.109367199832022,1.1394593365068655,5.442359362320251,5.589986064993048
513426062126144,129,True,16.4,69.0,6.018,229.00001168369892,184.091333,39.30000008519364,37.896351,1.2439478162923558,1.0370391620341926,5.826972294841678,4.857758811659729
71999452010538,129,True,16.1,63.0,6.018,203.00000876277417,165.848698,35.29999905069946,31.017572,1.2240072500465102,1.1380645477569766,5.750708618184843,5.346927154710885
233181915020004,129,True,16.5,81.0,6.018,255.00001460462363,202.361188,45.200001801236915,44.286224,1.2601231348998783,1.020633454801586,5.641593018645532,4.569393588398957
245506775010661,129,True,17.6,88.0,6.018,328.0000087627742,245.620794,55.09999948072449,55.310418,1.335391859220088,0.9961956801831527,5.952813282285378,4.4407690789825525
366784932489998,129,True,16.7,75.0,6.018,250.0,201.650924,43.5999993590193,42.713614,1.2397662011209034,1.0207518230374817,5.733945038425415,4.720998883400501
1167705202290487,97,True,16.6,59.0,6.018,203.00000876277417,202.032968,37.399999403644536,39.245288,1.004786549306023,0.952980633079939,5.427807807477995,5.147954781221124
224421826010661,129,True,16.1,74.0,6.018,234.00000600412307,181.119672,40.09999877077751,37.857992,1.291963503578579,1.0592214920109209,5.835411799928741,4.784185912448817
224377301010661,97,True,16.0,55.0,6.018,166.00000616639664,177.12441,32.79999935496246,34.143773,0.9371944057083754,0.9606436686116223,5.0609758972840275,5.187605072233816
70333924010538,241,True,17.0,76.0,6.018,203.00000876277417,141.966568,43.00000288035633,39.369818,1.4299141806595914,1.092207306631601,4.720930120111936,3.6059747088493013
740876971290487,129,True,16.0,78.0,6.018,244.00001492917082,184.986809,41.20000076674274,41.017206,1.31901304881242,1.0044565387204272,5.922330349229782,4.5099807383272275
70330973010538,241,True,16.6,51.0,6.018,151.00000292092474,107.434306,29.900000316433513,23.504734,1.4055101069943592,1.2720841816986108,5.050167268323832,4.570751832375555
448827273489998,129,True,17.3,83.0,6.018,296.0000004868208,228.216082,50.80000274242377,49.837618,1.2970163973230457,1.0193104081022446,5.826771348569775,4.579193211039902
75215947010538,241,True,17.3,45.0,6.018,151.00000292092474,113.804489,29.200000198785155,21.716021,1.3268369661668156,1.3446293959093683,5.17123294153974,5.24057740596217
153165906010661,129,True,17.4,78.0,6.018,291.00000616639664,223.959806,48.90000206087467,46.663567,1.2993403207645067,1.0479267918132935,5.950920120701352,4.799457486822642
71981334010538,129,True,16.3,81.0,6.018,255.00001460462363,197.869681,44.099999805271686,44.150642,1.2887270718580863,0.998852968101159,5.782313281873101,4.481694309224315
72040447010538,94,True,16.1,75.0,6.018,229.00001168369892,203.362412,41.50000154159916,42.360266,1.126068526782122,0.9796917125496606,5.518072365711884,4.800782223605489
70129717010538,97,True,16.2,72.0,6.018,239.0000003245472,213.472047,41.90000341991603,43.587887,1.1195845249216503,0.961276315594652,5.704056821411738,4.897508498175193
366782265489998,97,True,18.7,74.0,6.018,337.9999974036225,298.220445,57.50000060852599,59.199593,1.1333897560364197,0.9712904716849318,5.878260762200836,5.037542149994173
448837358489998,241,True,16.7,49.0,6.018,145.99999845840085,106.922511,29.299998766720673,22.647704,1.365474838674532,1.2937293231455458,4.982935310708258,4.721119235751226
75344152010538,129,True,21.2,80.0,6.018,458.00002336739783,346.615392,74.19999725757623,68.939824,1.3213493512930836,1.0763009383020217,6.172507281604158,5.027796299566996
201965116010661,94,True,19.5,63.0,6.018,296.0000004868208,286.911843,53.29999990263585,45.559163,1.0316757837243435,1.169907355467348,5.5534709386028105,6.297566155901503
740909960290487,129,True,21.0,90.0,6.018,504.00000357001915,353.254092,80.10000150914445,77.867277,1.4267350753576526,1.0286734632976116,6.292134757481635,4.536618019916119
14123393020004,129,True,21.1,84.0,6.018,468.00001200824613,350.150887,76.50000235296714,71.552508,1.3365666899145856,1.0691449467147558,6.117647027629068,4.893621436721687
224407563010661,129,True,21.9,68.0,6.018,421.0000207710203,341.714971,69.60000227994402,60.920242,1.2320210014182267,1.1424774425542175,6.048850674999703,5.609218870141717
75229968010538,241,True,19.3,57.0,6.018,234.00000600412307,169.999677,44.200000908732136,34.765736,1.376473238852819,1.2713667534244677,5.294117674054032,4.88986273726522
740918496290487,241,True,19.7,52.0,6.018,229.00001168369892,170.798128,42.80000067343543,32.29032,1.3407641779522252,1.325474652262208,5.350467478516462,5.289452938218017
224378881010661,129,True,20.7,70.0,6.018,395.00001785009556,308.362758,63.60000199596523,52.282495,1.2809588953348756,1.216468380018307,6.210691909650479,5.898011523742316
1735161255290487,129,True,19.2,109.0,6.018,494.00001492917085,333.966071,78.09999972413489,78.534554,1.4791922228805419,0.9944667123739557,6.325224285199482,4.252473006977286
75913746010538,241,True,20.7,67.0,6.018,322.0000034077455,218.533985,57.89999995131792,45.942511,1.4734550482285194,1.2602706881066628,5.561312671476369,4.756683521281629
1837988147290487,97,True,21.7,55.0,6.018,354.0000116836989,358.034839,61.000003732292704,59.85478,0.9887306293220782,1.0191333713413149,5.803278524986308,5.9817250852814094
245497455010661,129,True,19.9,86.0,6.018,425.99999480724495,321.266702,69.30000404061254,65.982318,1.3260010830728575,1.0502814411675039,6.147185713836209,4.86898174750393
366753284489998,129,True,20.6,83.0,6.018,447.000023691945,342.17277,72.0999994401561,67.863274,1.3063576733237567,1.0624303130461417,6.199722984227768,5.042090512756576
14097815020004,129,True,19.6,80.0,6.018,380.00001460462363,291.281848,63.4000048600942,58.264004,1.3045784253765913,1.0881504961467152,5.993690622629694,4.999344844202606
448823291489998,129,True,20.9,90.0,6.018,494.00001492917085,369.499546,79.30000282356058,75.709679,1.336943496350523,1.0474222565857212,6.229508163174996,4.8804796279746485
513454423126144,129,True,20.8,61.0,6.018,348.00002661286976,296.468526,57.60000171198644,50.377804,1.1738177785957278,1.1433607092517657,6.041666949125311,5.884903716724136
300777766489998,94,True,20.3,84.0,6.018,432.0000204464731,370.043085,72.90000319678984,66.820887,1.1674316801419842,1.0909762870521285,5.9259259465368075,5.537835572281463
300781558489998,241,True,20.5,43.0,6.018,208.00000308319832,170.738767,39.49999975658961,27.543034,1.2182353588344603,1.4341194131550508,5.265822895315299,6.19898181877857
1536413047290487,94,True,19.1,73.0,6.018,317.00000908732136,296.005124,57.60000171198644,51.509706,1.070927438024084,1.1182358857180517,5.50347221641409,5.746589273873938
233204274020004,97,True,19.1,67.0,6.018,312.0000147668972,294.252795,55.40000279110585,56.539814,1.0603128332796201,0.9798405560921345,5.63176893588509,5.2043467104437235
448862502489998,129,True,25.3,78.0,6.018,660.0000210955675,514.45358,103.6999982312178,93.125561,1.2829146238919507,1.1135503197797412,6.364513330308634,5.524300465690617
14094834020004,129,True,30.5,86.0,6.018,1061.0000240164923,825.19295,163.00000348888233,144.789222,1.2857599231991648,1.1257744273871597,6.5092024620039926,5.699270557583354
75262821010538,129,True,26.6,90.0,6.018,821.999983123546,621.848694,128.59998901407755,118.143126,1.321864934436199,1.0885101263875272,6.391913323052956,5.263519893658477
75304700010538,129,True,26.7,110.0,6.018,1009.0000181746427,694.004207,152.70000139555293,160.769905,1.453881702729567,0.949804637849061,6.607727629032149,4.316754475907664
153128853010661,129,True,35.1,100.0,6.018,1643.0000363492854,1202.419693,244.1000160326313,190.176908,1.3664114501069515,1.2835418274474801,6.730847719934804,6.322637725291022
169615691020004,129,True,31.8,69.0,6.018,972.0000155782652,803.792102,148.6000068641731,124.684515,1.2092679352779523,1.1918080353777138,6.541049600803287,6.446607279179776
75206081010538,129,True,23.7,105.0,6.018,754.0000441384182,515.728429,115.69999879917539,118.676686,1.4620098519688511,0.9749176750619358,6.516854381711472,4.345659171844417
1536427622290487,129,True,25.0,72.0,6.018,624.0000295337944,479.629929,95.00000365115591,83.93801,1.301003110533151,1.1317876567618876,6.5684211110680515,5.714096974660228
169600529020004,129,True,24.4,63.0,6.018,515.0000032454719,422.040342,81.40000571203058,69.977148,1.2202625009849697,1.1632369714757536,6.326780922686804,6.03111664396497
1167701933290487,129,True,25.8,66.0,6.018,582.0000123327933,491.534968,94.40000717249293,81.34052,1.1840459992111758,1.1605532786425872,6.165253899497386,6.042928764163298
75290913010538,129,True,23.2,85.0,6.018,593.0000120082461,432.547688,93.40000627998816,83.919055,1.3709471312865882,1.112977336076868,6.349036104243839,5.154344123631993
233206921020004,129,True,23.3,93.0,6.018,650.0000324547192,458.45729,101.20000107100573,96.575198,1.4177984441139964,1.047888103434235,6.422925153910371,4.747153508295163
224392247010661,241,True,24.6,59.0,6.018,421.0000207710203,309.032092,73.90000408929461,53.413367,1.362318127047531,1.3835488799890598,5.696887651891316,5.785669568443419
75206267010538,125,True,27.6,74.0,6.018,873.9999889653955,598.308539,131.00000535502866,102.725829,1.4607847489961956,1.275239213255983,6.671755368228658,5.824324269994452
233188723020004,129,True,26.6,115.0,6.018,1030.0000064909439,706.449928,157.20000034077455,151.513296,1.4579943541178249,1.0375327082896708,6.5521628769601366,4.662626625190703
153163246010661,241,True,24.9,72.0,6.018,520.0000178500956,350.147738,88.70000512784563,68.718854,1.4850874685647564,1.2907666523054304,5.862457584986675,5.095366374998047
153152151010661,129,True,35.6,74.0,6.018,1331.0000012981889,1070.114124,197.0000034077455,164.230212,1.243792574499455,1.1995357066685484,6.756345067382154,6.515939491084624
300791991489998,129,True,25.0,90.0,6.018,733.000055822117,529.956522,113.59999591070539,102.509512,1.3831324370834275,1.108189803017552,6.452465512395682,5.1698277716901035
224402159010661,129,True,27.1,106.0,6.018,1030.0000064909439,704.24789,152.49999918863202,158.549479,1.4625532019569756,0.961844845851761,6.754098439154118,4.441817749524109
245506482010661,129,True,24.7,76.0,6.018,614.0000003245472,480.33441,96.70000212578411,86.767786,1.278276108356566,1.1144689358073987,6.349534506999045,5.535861085587686
75896734010538,261,False,11.8,67.0,6.018,87.99999740362247,62.986825,20.10000120488145,18.075509,1.397117530588698,1.112001947213849,4.378109061120401,3.484650141802369
201981497010661,316,False,11.5,70.0,6.018,39.00000184586215,56.890803,18.900000640980704,17.139831,0.6855238419795578,1.102694690570794,2.0634920911747905,3.3192160996219853
639395814126144,972,False,11.8,58.0,6.018,33.00000156188336,47.205605,15.800000663293323,13.232617,0.6990695609532673,1.1940193435125739,2.088607606109106,3.567367286455884
639402415126144,261,False,11.4,53.0,6.018,72.99999922920043,49.504576,15.200001649105419,13.575551,1.4746111395681971,1.1196600159437666,4.80263100718129,3.6465979170937515
1167693799290487,318,False,11.4,55.0,6.018,33.00000156188336,52.915885,15.499999888436903,14.496509,0.6236312888253377,1.0692229341862172,2.1290323741551487,3.6502502085157196
201979038010661,316,False,12.8,48.0,6.018,72.00000340774551,61.118846,17.799999912777942,12.820857,1.1780327692663817,1.3883627212110659,4.04494403149179,4.767142009305618
72020292010538,741,False,12.2,76.0,6.018,65.00000223126194,82.405952,23.400002121727265,22.876254,0.7887780027256034,1.0228948376656102,2.7777776212639074,3.6022485149885117
72013127010538,318,False,11.7,64.0,6.018,43.999998701811236,65.859016,19.00000047667869,18.122328,0.6680937762843472,1.0484304487082834,2.3157893472591478,3.63413662968687
70221684010538,261,False,10.2,49.0,6.018,42.000001987851554,34.641812,11.10000077891326,10.196259,1.2124077686193653,1.088634643246436,3.7837836973524555,3.397502162312668
1536415219290487,316,False,11.0,68.0,6.018,0.0,44.828162,16.799999020273166,14.589955,0.0,1.1514770964182663,0.0,3.072536001653192
1735133344290487,261,False,10.5,46.0,6.018,47.00000137932557,36.917857,11.200000614611245,10.259266,1.2730966854150167,1.0916960935227964,4.196428464299415,3.5984891121840485
233191813020004,371,False,12.7,66.0,6.018,72.00000340774551,90.007341,21.70000111157413,22.319041,0.7999347898494803,0.9722640462721553,3.3179723373075247,4.032760233739434
1536416707290487,746,False,11.9,74.0,6.018,65.00000223126194,74.641618,22.499999797158004,21.039551,0.870827883597887,1.0694144469698048,2.8888890140999983,3.54768112684534
1838014267290487,833,False,12.9,70.0,6.018,83.00000308319832,81.847728,25.100000596355464,22.515731,1.014078278180163,1.1147761801007245,3.3067729526369005,3.635135274977304
1837992102290487,261,False,12.7,72.0,6.018,120.00000567957586,80.33035,24.999999492895014,21.224442,1.493831480624395,1.1778872440036356,4.800000324547199,3.7848038596256144
75274835010538,746,False,11.6,80.0,6.018,49.99999898579003,72.015123,22.90000167547488,19.350584,0.6942985987233546,1.1834269020239843,2.1834059094999247,3.721599461804357
366792668489998,261,False,10.5,32.0,6.018,26.00000038539979,29.40281,7.900000331646662,7.401917,0.8842692377157079,1.0672911262915623,3.2911391511271493,3.9723236561555604
70143541010538,316,False,12.1,75.0,6.018,72.00000340774551,72.210945,22.099997918841133,20.444446,0.9970788141291533,1.0809780768254191,3.257919013031337,3.5320568236478502
201991304010661,316,False,12.5,76.0,6.018,77.00000279921953,81.913246,23.90000003245472,22.083048,0.9400189414935348,1.082278136263378,3.221757434922941,3.709326991455165
245755711010661,316,False,12.3,68.0,6.018,72.00000340774551,71.742182,21.29999923325726,18.856451,1.0035937213025596,1.1295868577420671,3.380281971809961,3.804649241789985
245465924010661,261,False,14.3,64.0,6.018,145.99999845840085,102.299234,29.000000527389187,25.910224,1.4271856469462993,1.1192493174659235,5.034482613905833,3.9482188189496163
70302806010538,318,False,13.0,74.0,6.018,98.99999707907527,99.98972,27.200000949300538,25.00578,0.9901017532509868,1.0877485505071443,3.6397056479375274,3.9986643088118026
70167146010538,318,False,13.8,51.0,6.018,87.99999740362247,94.71361,21.29999923325726,19.80383,0.9291167067079639,1.0755494888239931,4.131455425886663,4.7825905393047705
233161620020004,833,False,14.8,61.0,6.018,132.00000624753343,112.97454,29.700000645037544,24.423659,1.1684049012063553,1.2160340367115976,4.444444558272721,4.62561895414606
1167720451290487,316,False,13.9,67.0,6.018,110.00000689662782,99.64055,27.200000949300538,21.500286,1.1039682829593758,1.2650994944579128,4.044117759468554,4.634382537981123
1735162724290487,371,False,15.1,70.0,6.018,143.00000592298625,147.241327,32.299998908710066,30.670041,0.9711947646531753,1.0531449536930866,4.42724491499672,4.8008193728857425
201996752010661,318,False,13.1,66.0,6.018,87.99999740362247,95.113365,24.799999821499046,22.806325,0.9252116924222213,1.087417627412529,3.5483870176214896,4.170481872901487
639391917126144,316,False,14.5,70.0,6.018,132.00000624753343,122.847003,30.599997898556936,25.712749,1.0745073385919999,1.1900710382447608,4.313725990607288,4.777668968806097
740909951290487,316,False,14.0,76.0,6.018,121.00000657208064,111.551296,30.29999965922545,25.282138,1.0847028309924849,1.1984745775545347,3.993399601746851,4.412257222866199
639408490126144,261,False,14.1,46.0,6.018,104.00000154159916,82.417847,20.899999890465324,18.834243,1.26186263445585,1.1096809088884179,4.976076654863737,4.375957504636634
70132524010538,371,False,13.7,44.0,6.018,72.00000340774551,85.53632,19.399999819470626,19.055826,0.8417477325157957,1.0180613435214314,3.711340416378942,4.488722766465227
75319349010538,261,False,13.2,50.0,6.018,94.00000275865114,71.868727,19.699999326564576,17.686056,1.307940277815845,1.113871816676628,4.771573907208022,4.063581332095748
224399620010661,318,False,14.1,54.0,6.018,98.99999707907527,105.257213,23.700000361058752,21.807853,0.9405530913978815,1.0867644953888285,4.177215002989672,4.826573849337667
72045383010538,746,False,13.9,69.0,6.018,125.0,116.843445,29.299998766720673,25.845404,1.0698075531751055,1.1336637944108234,4.26621178366658,4.520859685536354
75874537010538,316,False,14.7,62.0,6.018,143.00000592298625,112.750654,28.700002288057703,21.756196,1.2682853788412283,1.3191645399801373,4.9825782063609685,5.182461768592267
740880592290487,261,False,14.6,66.0,6.018,177.00000584184946,109.901602,31.10000088033426,27.776867,1.6105316266622707,1.1196367423415412,5.691318354713406,3.9565874005876904
245454075010661,746,False,15.1,65.0,6.018,155.00000649094383,141.909756,33.00000156188336,21.423493,1.0922434852959921,1.5403651291543987,4.696969671358335,6.624025129795593
740880457290487,261,False,15.4,67.0,6.018,192.0000090873214,123.006276,35.30000412174934,31.076021,1.560896039868091,1.1359241944697276,5.439093106763257,3.9582376392395924
233178384020004,743,False,13.8,67.0,6.018,115.00000121705197,110.410321,28.099998202819926,24.587308,1.0415693041690548,1.1428659942284014,4.092526995446973,4.490541258115773
71985929010538,371,False,15.5,55.0,6.018,132.00000624753343,138.344649,29.000000527389187,27.58315,0.9541388640736905,1.0513665236707623,4.55172427058632,5.0155493118081145
1536410554290487,261,False,18.7,71.0,6.018,328.0000087627742,201.74423,55.499998823516435,48.592747,1.6258210148700374,1.1421457367601884,5.909910193075431,4.151735443151629
740882709290487,531,False,16.1,61.0,6.018,192.99999983772642,187.146545,36.49999961460021,31.917848,1.0312773865941602,1.1435607944056947,5.287671284262844,5.8633822994582845
169572901020004,371,False,16.9,60.0,6.018,186.99999448269776,185.115237,36.800000389456635,35.667033,1.0101815361784494,1.0317651145655045,5.081521535425693,5.190093524179598
14082252020004,318,False,17.4,60.0,6.018,225.99999886408483,194.805607,40.40000208115887,33.695784,1.1601308727427173,1.1989631130458,5.594059089652454,5.781305073655505
1735177413290487,316,False,16.2,57.0,6.018,165.00000527389187,146.119372,33.00000156188336,24.702429,1.129213758692392,1.3359010792778054,4.999999923165915,5.915182349071826
201984697010661,371,False,17.2,68.0,6.018,203.99999951317923,208.131855,41.50000154159916,38.822986,0.9801478947717025,1.0689543957695362,4.915662456269834,5.361047061140532
75898403010538,833,False,17.5,84.0,6.018,297.00001152142534,218.940297,55.499998823516435,46.471445,1.3565342497065551,1.194281753526632,5.351351672382029,4.711286619127079
1203379237290487,371,False,17.5,66.0,6.018,214.99999918863202,210.127027,42.10000055578707,38.714135,1.0231906016955734,1.087458122357301,5.106888274353671,5.42765651357056
740908073290487,371,False,18.0,65.0,6.018,236.99999853953764,227.957434,44.099999805271686,40.833168,1.0396677764829447,1.080004368146789,5.374149650477023,5.582653640785354
224392868010661,318,False,16.9,69.0,6.018,236.99999853953764,209.777088,43.60000443006917,38.654796,1.1297706570297021,1.127932596774516,5.435779230703203,5.426935586466425
201977383010661,318,False,16.2,64.0,6.018,192.99999983772642,176.662317,37.200002267773506,33.178524,1.09247972694554,1.1212072685262764,5.188171722369034,5.324598436024459
224402705010661,371,False,17.2,67.0,6.018,203.99999951317923,205.899858,41.09999966328229,38.332132,0.9907729004513409,1.0722075063104313,4.963503678454472,5.371468980645272
75863047010538,318,False,16.5,56.0,6.018,175.99999480724495,170.143187,33.80000024746723,30.317721,1.0344228171019563,1.1148595320692882,5.207100399960303,5.612004510497343
224384517010661,318,False,17.3,68.0,6.018,236.99999853953764,214.361731,45.100000697776466,38.972889,1.1056077847194548,1.1572147165630051,5.254988799838806,5.500278180557771
1838000374290487,318,False,16.5,71.0,6.018,225.99999886408483,199.700776,42.69999956997497,37.897695,1.1316931430656276,1.126717589815818,5.292740073538537,5.269470240868211
75956426010538,743,False,16.0,68.0,6.018,205.00001054778375,171.033499,38.79999963894125,33.050075,1.1985956654478767,1.1739761449540207,5.2835054756556605,5.17498066191983
224408996010661,261,False,16.0,63.0,6.018,208.00000308319832,131.475251,36.19999883974379,31.860212,1.5820468225095714,1.136213369821387,5.745856622924424,4.12662825344665
233182076020004,833,False,16.4,90.0,6.018,264.00001249506687,192.270653,51.600001428007644,45.912768,1.373064523243008,1.1238704106885398,5.116279170329091,4.187738212603518
639433674126144,316,False,16.1,83.0,6.018,214.99999918863202,185.678518,43.09999891276691,37.555382,1.15791531246836,1.1476384107281057,4.988399178937,4.944125398591339
153151867010661,261,False,16.5,66.0,6.018,223.99999707907529,145.719212,40.19999733871303,35.333128,1.53720291240029,1.1377423855230997,5.57213959970492,4.124152608283082
639396910126144,318,False,21.8,63.0,6.018,395.9999883163011,353.408289,66.90000291281105,52.686677,1.1205169789220792,1.2697707792960835,5.919282078842315,6.7077354109844505
1536387761290487,371,False,20.0,66.0,6.018,297.00001152142534,290.326296,55.3000016876454,48.916082,1.0229869481799378,1.1305075841447276,5.37070528856382,5.935191129984613
14117048020004,318,False,19.6,67.0,6.018,336.00001590281244,292.141657,57.29999840160508,48.946903,1.1501270286243788,1.1706562599395733,5.863874786659688,5.968542218084768
513465475126144,261,False,20.4,73.0,6.018,416.00000616639664,236.70837,68.10000601223673,56.75484,1.7574368247578092,1.199897771048896,6.108663281052377,4.170716893924817
70314561010538,318,False,21.0,74.0,6.018,424.0000133064349,357.795181,72.30000671812687,56.99395,1.1850355617462462,1.2685558154528134,5.864453304402401,6.27777476381265
201984496010661,261,False,21.5,68.0,6.018,447.000023691945,259.323539,71.29999568352235,59.812124,1.723715577134496,1.1920659377273135,6.26928542430821,4.33563501272752
201955162010661,261,False,20.0,65.0,6.018,354.0000116836989,212.89781,59.00000194728315,50.498102,1.6627696249374238,1.168360782099952,6.0,4.215956671005179
169570726020004,833,False,19.0,85.0,6.018,373.9999889653955,269.214483,66.30000643414807,54.211483,1.3892268528710454,1.2229882446519325,5.641024927152426,4.966004766923642
75300437010538,261,False,20.7,58.0,6.018,337.9999974036225,217.822301,57.30000347265496,49.026991,1.551723564813607,1.168744038822512,5.8987779567050955,4.442905765927996
224384002010661,743,False,21.1,85.0,6.018,539.9999951317922,400.782761,84.7000066288764,69.319953,1.3473633291622344,1.2218705143795523,6.37544218264196,5.781636363775377
75210178010538,261,False,20.4,60.0,6.018,343.00001200824613,214.126492,57.30000347265496,49.028036,1.601856962230746,1.1687191278201507,5.986038241200712,4.367429525425004
448865756489998,371,False,19.0,73.0,6.018,297.00001152142534,273.428002,53.400001006096296,48.29334,1.0862092007731723,1.1057425517907085,5.5617978637775485,5.661815935696309
1536384987290487,318,False,22.7,68.0,6.018,462.0000269374169,413.953206,78.09999972413489,61.197236,1.1160682421128945,1.276201423935795,5.915493323550514,6.764246770883575
448846494489998,318,False,20.9,62.0,6.018,340.99998993903705,328.731897,60.50000328604032,51.522356,1.0373194480091388,1.1742476078935582,5.636363163929263,6.380373929328853
224402128010661,833,False,19.1,72.0,6.018,336.00001590281244,243.597974,58.10000215823883,44.599618,1.379321881810119,1.302701789020678,5.783132589009141,5.461884763228241
169596692020004,833,False,19.8,80.0,6.018,402.00001395552925,289.467561,68.40000425156822,54.271756,1.3887566971814478,1.2603241408213919,5.877192821173144,5.333668602873288
639422720126144,318,False,22.9,75.0,6.018,534.000010060963,453.079794,87.1999987180386,68.213955,1.178600363848852,1.2783307860985131,6.1238534164163605,6.642039653029941
70163064010538,371,False,20.2,70.0,6.018,319.00001087233096,311.366222,58.700003707951666,52.448332,1.0245170745346006,1.119196768887744,5.434412107696653,5.936627727264996
448831087489998,833,False,22.8,84.0,6.018,556.0000094118686,425.937316,95.20000585807682,72.461931,1.3053564187174167,1.3137933883942012,5.840335873936265,5.878083983160757
75898514010538,261,False,21.0,80.0,6.018,494.00001492917085,266.370698,78.30000700210566,65.990832,1.8545583978954427,1.1865285620600399,6.309067314845657,4.036480370485403
1203374931290487,833,False,23.2,85.0,6.018,616.0000223937562,449.496072,99.60000369983798,75.806186,1.370423593810084,1.3138769928332497,6.184738950915905,5.929543428025782
1837978748290487,833,False,24.3,80.0,6.018,649.0000214201146,487.040906,103.90000043813872,76.849792,1.332536986985883,1.3519880501191042,6.246390940166784,6.337569605913833
740923637290487,261,False,25.9,71.0,6.018,696.999983123546,410.354694,108.39999938336034,93.150937,1.6985305476328876,1.163702726719328,6.42988917978294,4.405266411866582
513439933126144,261,False,25.4,77.0,6.018,733.000055822117,408.219055,111.79999633261674,93.745264,1.795604704983987,1.1925935408600132,6.556351340489894,4.354556567252294
1203412678290487,261,False,23.4,69.0,6.018,530.0000064909439,318.71812,85.90000465725221,72.275564,1.6629114356314096,1.1885068742909042,6.169964816715502,4.409763166981305
75329478010538,318,False,24.7,66.0,6.018,556.0000094118686,503.49423,89.89999808517157,70.030529,1.1042827827676767,1.2837258174241633,6.1846498471013565,7.189639107252781
1203365522290487,316,False,32.2,69.0,6.018,979.000011683699,898.26326,152.70000139555293,93.696168,1.0898809461312033,1.6297358222329106,6.41126393409588,9.586979693769333
366780186489998,743,False,23.6,76.0,6.018,605.0000227183034,489.136366,95.60000012981888,76.109687,1.2368739369468664,1.2560818983504543,6.328452111890699,6.42672943852732
169592089020004,261,False,24.4,80.0,6.018,696.999983123546,379.320562,106.49999870181124,89.357278,1.8374959149289303,1.1918447057195638,6.5446008602786225,4.24498787888324
14086285020004,261,False,25.4,49.0,6.018,451.99999772816966,321.290773,74.80000387833894,63.209802,1.406825329926825,1.183360831890265,6.042780404976191,5.0829264265058125
75939770010538,318,False,23.3,88.0,6.018,655.0000064909439,522.838644,104.50000705890143,81.420609,1.2527765764975547,1.2834589220390311,6.267942222451269,6.421453369379736
153130939010661,261,False,24.6,71.0,6.018,624.0000295337944,363.446779,97.60000191482844,81.945669,1.7168951978352638,1.191033072349784,6.393442800117298,4.435216448107831
639435747126144,318,False,26.3,93.0,6.018,918.9999987018113,748.741841,140.09999420683263,108.798674,1.2273923378910132,1.287699464120607,6.559600547485189,6.881902264727969
75230012010538,316,False,24.1,80.0,6.018,572.000023691945,477.069983,95.29999681943752,65.880711,1.1989855662160682,1.4465538603467336,6.0020990848058355,7.241421286421756
513464524126144,261,False,25.4,70.0,6.018,666.0000061663967,389.445346,102.89999954563393,88.263924,1.7101244449494506,1.1658217183459227,6.472303295502349,4.4122822592840985
1167724792290487,261,False,25.7,62.0,6.018,593.0000120082461,376.128427,94.70000034077455,83.041099,1.5765891898626587,1.1403991695819746,6.2618797241220365,4.529424965823249
300809980489998,261,False,25.3,68.0,6.018,614.0000003245472,380.268758,99.40000149291708,85.687242,1.6146475023450313,1.1600326859967915,6.177062284735467,4.43786903539269
1167691943290487,833,False,25.5,79.0,6.018,699.0000051927551,547.09433,113.30000274242377,82.630749,1.2776590194103365,1.3711603018680585,6.16946150285505,6.620953296695883
245450865010661,833,False,24.2,58.0,6.018,468.00001200824613,381.70663,77.5999992778825,51.395071,1.2260725259297858,1.509872401535986,6.0309280459186185,7.426911230456321
1203385409290487,318,False,23.7,78.0,6.018,583.0000233673978,508.653442,96.79999308714481,75.599712,1.1461635275189936,1.280428066804604,6.022727944231859,6.728245763687566
